c, lambda, clicks, CTR, spend, avgCPM, avgCPC
50,1.00E-06,65,0.06%,6250,52.58508266,96.15384615
50,1.10E-06,67,0.06%,6250,51.96122446,93.28358209
50,1.20E-06,69,0.06%,6250,51.13687501,90.57971014
50,1.30E-06,69,0.06%,6250,50.20523902,90.57971014
50,1.40E-06,69,0.06%,6250,49.73659499,90.57971014
50,1.50E-06,73,0.06%,6250,49.04384127,85.61643836
50,1.60E-06,72,0.06%,6250,48.50300331,86.80555556
50,1.70E-06,74,0.06%,6250,48.06028682,84.45945946
50,1.80E-06,74,0.06%,6250,47.46102501,84.45945946
50,1.90E-06,74,0.06%,6250,47.2118566,84.45945946
50,2.00E-06,74,0.06%,6250,46.77478502,84.45945946
50,2.10E-06,76,0.06%,6250,46.50539835,82.23684211
50,2.20E-06,75,0.06%,6250,46.13056796,83.33333333
50,2.30E-06,76,0.06%,6250,45.03498317,82.23684211
50,2.40E-06,78,0.06%,6250,44.83951042,80.12820513
50,2.50E-06,80,0.06%,6250,43.91851534,78.125
50,2.60E-06,80,0.06%,6250,43.65378705,78.125
50,2.70E-06,81,0.05%,6250,41.97758061,77.16049383
50,2.80E-06,82,0.06%,6250,41.74431109,76.2195122
50,2.90E-06,76,0.05%,6250,39.96010383,82.23684211
50,3.00E-06,76,0.05%,6250,39.62291663,82.23684211
50,3.10E-06,75,0.05%,6250,39.1957656,83.33333333
50,3.20E-06,82,0.05%,6250,38.30126241,76.2195122
50,3.30E-06,81,0.05%,6171.407,38.10474873,76.19020988
50,3.40E-06,77,0.05%,5934.267,37.43851691,77.0684026
50,3.50E-06,63,0.05%,4624.895,33.3203291,73.41103175
50,3.60E-06,62,0.05%,4560.21,33.11314589,73.55177419
50,3.70E-06,60,0.04%,4434.713,32.66871703,73.91188333
50,3.80E-06,59,0.05%,4186.765,31.87536163,70.96211864
50,3.90E-06,59,0.05%,4004.376,31.28516516,67.87077966
50,4.00E-06,58,0.05%,3539.32,29.60832539,61.02275862
50,4.10E-06,58,0.05%,3485.226,29.37747395,60.09010345
50,4.20E-06,56,0.05%,3403.869,29.05812703,60.783375
50,4.30E-06,56,0.05%,3226.739,28.35546944,57.62033929
50,4.40E-06,50,0.05%,3088.162,27.81175814,61.76324
50,4.50E-06,47,0.05%,2807.574,26.61207583,59.73561702
50,4.60E-06,47,0.05%,2697.504,26.05579167,57.39370213
50,4.70E-06,46,0.05%,2594.933,25.58071194,56.41158696
50,4.80E-06,46,0.05%,2523.004,25.24266133,54.84791304
50,4.90E-06,46,0.05%,2480.718,25.02666384,53.92865217
52,1.00E-06,65,0.06%,6250,53.0371175,96.15384615
52,1.10E-06,67,0.06%,6250,52.22652105,93.28358209
52,1.20E-06,69,0.06%,6250,51.42297661,90.57971014
52,1.30E-06,69,0.06%,6250,50.92396441,90.57971014
52,1.40E-06,69,0.06%,6250,50.07852312,90.57971014
52,1.50E-06,69,0.06%,6250,49.52927378,90.57971014
52,1.60E-06,73,0.06%,6250,48.92674297,85.61643836
52,1.70E-06,72,0.06%,6250,48.28827715,86.80555556
52,1.80E-06,74,0.06%,6250,47.91070977,84.45945946
52,1.90E-06,73,0.06%,6250,47.3861784,85.61643836
52,2.00E-06,74,0.06%,6250,47.12393217,84.45945946
52,2.10E-06,74,0.06%,6250,46.65397678,84.45945946
52,2.20E-06,75,0.06%,6250,46.38494308,83.33333333
52,2.30E-06,77,0.06%,6250,45.62410121,81.16883117
52,2.40E-06,76,0.06%,6250,45.040825,82.23684211
52,2.50E-06,78,0.06%,6250,44.71695953,80.12820513
52,2.60E-06,80,0.06%,6250,43.86672937,78.125
52,2.70E-06,80,0.06%,6250,43.61966444,78.125
52,2.80E-06,83,0.06%,6250,41.95334788,75.30120482
52,2.90E-06,82,0.06%,6250,41.74933034,76.2195122
52,3.00E-06,76,0.05%,6250,39.88360369,82.23684211
52,3.10E-06,76,0.05%,6250,39.54269662,82.23684211
52,3.20E-06,76,0.05%,6250,39.23464199,82.23684211
52,3.30E-06,82,0.05%,6250,38.31840448,76.2195122
52,3.40E-06,82,0.05%,6170.89,38.11591249,75.2547561
52,3.50E-06,78,0.05%,5944.859,37.49209462,76.21614103
52,3.60E-06,63,0.05%,4629.087,33.35317386,73.47757143
52,3.70E-06,63,0.05%,4557.737,33.1151468,72.34503175
52,3.80E-06,61,0.05%,4441.615,32.71835613,72.81336066
52,3.90E-06,60,0.05%,4213.228,31.99377321,70.22046667
52,4.00E-06,59,0.05%,4007.744,31.31392496,67.92786441
52,4.10E-06,58,0.05%,3553.589,29.7055765,61.26877586
52,4.20E-06,56,0.05%,3454.471,29.31492702,61.68698214
52,4.30E-06,56,0.05%,3313.695,28.7432559,59.173125
52,4.40E-06,56,0.05%,3232.935,28.39968552,57.73098214
52,4.50E-06,50,0.05%,3095.522,27.8599766,61.91044
52,4.60E-06,47,0.05%,2788.521,26.56088431,59.33023404
52,4.70E-06,47,0.05%,2662.78,25.9211884,56.65489362
52,4.80E-06,46,0.05%,2601.329,25.63340297,56.55063043
52,4.90E-06,46,0.05%,2530.552,25.30577306,55.012
54,1.00E-06,65,0.06%,6250,53.31081485,96.15384615
54,1.10E-06,66,0.06%,6250,52.53734354,94.6969697
54,1.20E-06,67,0.06%,6250,51.98715709,93.28358209
54,1.30E-06,70,0.06%,6250,51.2190125,89.28571429
54,1.40E-06,69,0.06%,6250,50.30788425,90.57971014
54,1.50E-06,70,0.06%,6250,49.87391873,89.28571429
54,1.60E-06,73,0.06%,6250,49.12904037,85.61643836
54,1.70E-06,73,0.06%,6250,48.76298071,85.61643836
54,1.80E-06,73,0.06%,6250,48.15916411,85.61643836
54,1.90E-06,75,0.06%,6250,47.71320167,83.33333333
54,2.00E-06,73,0.06%,6250,47.36929863,85.61643836
54,2.10E-06,74,0.06%,6250,47.10723869,84.45945946
54,2.20E-06,74,0.06%,6250,46.65188735,84.45945946
54,2.30E-06,75,0.06%,6250,46.36464121,83.33333333
54,2.40E-06,76,0.06%,6250,45.18605811,82.23684211
54,2.50E-06,77,0.06%,6250,44.94042697,81.16883117
54,2.60E-06,78,0.06%,6250,44.48778543,80.12820513
54,2.70E-06,80,0.06%,6250,43.83411767,78.125
54,2.80E-06,80,0.06%,6250,43.56584716,78.125
54,2.90E-06,83,0.06%,6250,41.93280017,75.30120482
54,3.00E-06,83,0.06%,6250,41.73594834,75.30120482
54,3.10E-06,76,0.05%,6250,39.83759011,82.23684211
54,3.20E-06,76,0.05%,6250,39.5411956,82.23684211
54,3.30E-06,76,0.05%,6250,39.24745363,82.23684211
54,3.40E-06,83,0.05%,6231.947,38.29741589,75.0836988
54,3.50E-06,82,0.05%,6136.91,38.06378584,74.84036585
54,3.60E-06,77,0.05%,5693.458,36.98107251,73.94101299
54,3.70E-06,64,0.05%,4617.182,33.34957529,72.14346875
54,3.80E-06,63,0.05%,4543.198,33.10620778,72.11425397
54,3.90E-06,61,0.05%,4318.282,32.38598149,70.7915082
54,4.00E-06,60,0.05%,4221.609,32.04597832,70.36015
54,4.10E-06,60,0.05%,4011.083,31.34809657,66.85138333
54,4.20E-06,58,0.05%,3555.405,29.727218,61.30008621
54,4.30E-06,56,0.05%,3479.263,29.44709825,62.12969643
54,4.40E-06,56,0.05%,3304.94,28.7611174,59.01678571
54,4.50E-06,56,0.05%,3242.179,28.46463627,57.89605357
54,4.60E-06,50,0.05%,3102.643,27.91301258,62.05286
54,4.70E-06,47,0.05%,2786.571,26.56837619,59.28874468
54,4.80E-06,47,0.05%,2658.427,25.95917311,56.5622766
54,4.90E-06,46,0.05%,2607.781,25.68660304,56.6908913
56,1.00E-06,63,0.05%,6250,53.80926553,99.20634921
56,1.10E-06,65,0.06%,6250,52.89930511,96.15384615
56,1.20E-06,67,0.06%,6250,52.2557774,93.28358209
56,1.30E-06,69,0.06%,6250,51.45557531,90.57971014
56,1.40E-06,70,0.06%,6250,50.94845647,89.28571429
56,1.50E-06,69,0.06%,6250,50.13677312,90.57971014
56,1.60E-06,70,0.06%,6250,49.68203498,89.28571429
56,1.70E-06,73,0.06%,6250,49.00730797,85.61643836
56,1.80E-06,72,0.06%,6250,48.53539589,86.80555556
56,1.90E-06,74,0.06%,6250,48.0093407,84.45945946
56,2.00E-06,74,0.06%,6250,47.54117065,84.45945946
56,2.10E-06,74,0.06%,6250,47.24969004,84.45945946
56,2.20E-06,74,0.06%,6250,46.81472604,84.45945946
56,2.30E-06,76,0.06%,6250,46.54765363,82.23684211
56,2.40E-06,75,0.06%,6250,46.24080733,83.33333333
56,2.50E-06,76,0.06%,6250,45.09542191,82.23684211
56,2.60E-06,77,0.06%,6250,44.95109321,81.16883117
56,2.70E-06,80,0.06%,6250,44.0001408,78.125
56,2.80E-06,80,0.06%,6250,43.79418834,78.125
56,2.90E-06,81,0.06%,6250,43.48219317,77.16049383
56,3.00E-06,83,0.06%,6250,41.94687177,75.30120482
56,3.10E-06,83,0.06%,6250,41.70698342,75.30120482
56,3.20E-06,77,0.05%,6250,39.72390298,81.16883117
56,3.30E-06,76,0.05%,6250,39.51319741,82.23684211
56,3.40E-06,77,0.05%,6250,39.31782009,81.16883117
56,3.50E-06,83,0.05%,6197.042,38.2285679,74.66315663
56,3.60E-06,81,0.05%,6101.198,38.00706419,75.3234321
56,3.70E-06,66,0.05%,4970.289,34.62892078,75.30740909
56,3.80E-06,64,0.05%,4592.791,33.28615949,71.76235938
56,3.90E-06,64,0.05%,4518.707,33.05250415,70.60479688
56,4.00E-06,61,0.05%,4295.162,32.34479227,70.4124918
56,4.10E-06,61,0.05%,4049.737,31.521841,66.38913115
56,4.20E-06,60,0.05%,3702.038,30.41937551,61.70063333
56,4.30E-06,59,0.05%,3558.503,29.76282598,60.31361017
56,4.40E-06,56,0.05%,3452.484,29.3591054,61.6515
56,4.50E-06,56,0.05%,3310.734,28.80251596,59.12025
56,4.60E-06,53,0.05%,3169.529,28.2345778,59.80243396
56,4.70E-06,50,0.05%,3111.801,27.98155725,62.23602
56,4.80E-06,47,0.05%,2794.339,26.62999848,59.45402128
56,4.90E-06,47,0.05%,2663.678,26.00308482,56.674
58,1.00E-06,63,0.06%,6250,54.21864427,99.20634921
58,1.10E-06,65,0.06%,6250,53.25630342,96.15384615
58,1.20E-06,66,0.06%,6250,52.5422019,94.6969697
58,1.30E-06,67,0.06%,6250,51.99667221,93.28358209
58,1.40E-06,69,0.06%,6250,51.26732836,90.57971014
58,1.50E-06,70,0.06%,6250,50.33705693,89.28571429
58,1.60E-06,70,0.06%,6250,49.99120155,89.28571429
58,1.70E-06,73,0.06%,6250,49.24982664,85.61643836
58,1.80E-06,73,0.06%,6250,48.79838848,85.61643836
58,1.90E-06,72,0.06%,6250,48.30133853,86.80555556
58,2.00E-06,75,0.06%,6250,47.7799523,83.33333333
58,2.10E-06,73,0.06%,6250,47.40378927,85.61643836
58,2.20E-06,74,0.06%,6250,47.15344107,84.45945946
58,2.30E-06,74,0.06%,6250,46.69440937,84.45945946
58,2.40E-06,74,0.06%,6250,46.4411238,84.45945946
58,2.50E-06,76,0.06%,6250,46.02322516,82.23684211
58,2.60E-06,76,0.06%,6250,45.08728899,82.23684211
58,2.70E-06,78,0.06%,6250,44.8353288,80.12820513
58,2.80E-06,80,0.06%,6250,43.94754421,78.125
58,2.90E-06,80,0.06%,6250,43.75126879,78.125
58,3.00E-06,81,0.06%,6250,43.37085201,77.16049383
58,3.10E-06,82,0.06%,6250,41.86819223,76.2195122
58,3.20E-06,83,0.06%,6250,41.65805733,75.30120482
58,3.30E-06,77,0.05%,6250,39.74183703,81.16883117
58,3.40E-06,78,0.05%,6250,39.44760727,80.12820513
58,3.50E-06,79,0.05%,6250,39.16408184,79.11392405
58,3.60E-06,84,0.05%,6201.348,38.25017579,73.82557143
58,3.70E-06,82,0.05%,6101.125,38.01655596,74.40396341
58,3.80E-06,66,0.05%,4975.273,34.66920081,75.38292424
58,3.90E-06,64,0.05%,4593.675,33.30246198,71.77617188
58,4.00E-06,64,0.05%,4519.72,33.07321928,70.620625
58,4.10E-06,62,0.05%,4293.581,32.35213316,69.25130645
58,4.20E-06,61,0.05%,4038.523,31.50296813,66.20529508
58,4.30E-06,61,0.05%,3687.529,30.38804925,60.45129508
58,4.40E-06,57,0.05%,3495.341,29.55565984,61.32177193
58,4.50E-06,57,0.05%,3454.237,29.38175802,60.60064912
58,4.60E-06,57,0.05%,3268.713,28.64879575,57.34584211
58,4.70E-06,50,0.05%,3128.948,28.09633188,62.57896
58,4.80E-06,47,0.05%,2820.23,26.80393853,60.00489362
58,4.90E-06,47,0.05%,2803.134,26.70032862,59.64114894
60,1.00E-06,64,0.06%,6250,54.63573264,97.65625
60,1.10E-06,63,0.05%,6250,53.70153973,99.20634921
60,1.20E-06,65,0.06%,6250,52.8626164,96.15384615
60,1.30E-06,67,0.06%,6250,52.27151077,93.28358209
60,1.40E-06,69,0.06%,6250,51.462778,90.57971014
60,1.50E-06,70,0.06%,6250,50.96881524,89.28571429
60,1.60E-06,70,0.06%,6250,50.15729327,89.28571429
60,1.70E-06,71,0.06%,6250,49.72274597,88.02816901
60,1.80E-06,74,0.06%,6250,49.05924001,84.45945946
60,1.90E-06,72,0.06%,6250,48.62450986,86.80555556
60,2.00E-06,74,0.06%,6250,48.12245432,84.45945946
60,2.10E-06,74,0.06%,6250,47.57844734,84.45945946
60,2.20E-06,74,0.06%,6250,47.29545661,84.45945946
60,2.30E-06,74,0.06%,6250,46.87898471,84.45945946
60,2.40E-06,75,0.06%,6250,46.5885966,83.33333333
60,2.50E-06,75,0.06%,6250,46.32786788,83.33333333
60,2.60E-06,76,0.06%,6250,45.96027561,82.23684211
60,2.70E-06,77,0.06%,6250,44.97600081,81.16883117
60,2.80E-06,78,0.06%,6250,44.70768328,80.12820513
60,2.90E-06,80,0.06%,6250,43.89630639,78.125
60,3.00E-06,79,0.06%,6250,43.70965599,79.11392405
60,3.10E-06,84,0.06%,6250,42.74790364,74.4047619
60,3.20E-06,82,0.06%,6250,41.82896304,76.2195122
60,3.30E-06,86,0.06%,6250,41.54121221,72.6744186
60,3.40E-06,78,0.05%,6250,39.6452857,80.12820513
60,3.50E-06,78,0.05%,6250,39.38893581,80.12820513
60,3.60E-06,84,0.05%,6250,39.07104679,74.4047619
60,3.70E-06,84,0.05%,6163.665,38.18094813,73.37696429
60,3.80E-06,82,0.05%,5854.588,37.54264645,71.39741463
60,3.90E-06,65,0.05%,4646.747,33.50504009,71.48841538
60,4.00E-06,64,0.05%,4574.508,33.27471504,71.4766875
60,4.10E-06,63,0.05%,4395.607,32.74561031,69.77153968
60,4.20E-06,62,0.05%,4216.772,32.14909693,68.01245161
60,4.30E-06,62,0.05%,4039.651,31.5176678,65.15566129
60,4.40E-06,62,0.05%,3693.536,30.43905655,59.57316129
60,4.50E-06,58,0.05%,3503.058,29.61139804,60.39755172
60,4.60E-06,57,0.05%,3325.102,28.90613835,58.33512281
60,4.70E-06,57,0.05%,3233.71,28.54667279,56.73175439
60,4.80E-06,51,0.05%,3133.674,28.1418013,61.44458824
60,4.90E-06,47,0.05%,2825.115,26.85649235,60.10882979
62,1.00E-06,65,0.06%,6250,55.17107447,96.15384615
62,1.10E-06,63,0.05%,6250,54.05078179,99.20634921
62,1.20E-06,65,0.06%,6250,53.14399898,96.15384615
62,1.30E-06,67,0.06%,6250,52.42848754,93.28358209
62,1.40E-06,68,0.06%,6250,51.71144188,91.91176471
62,1.50E-06,69,0.06%,6250,51.27195465,90.57971014
62,1.60E-06,70,0.06%,6250,50.31314904,89.28571429
62,1.70E-06,72,0.06%,6250,49.94486087,86.80555556
62,1.80E-06,74,0.06%,6250,49.27467676,84.45945946
62,1.90E-06,74,0.06%,6250,48.93440441,84.45945946
62,2.00E-06,72,0.06%,6250,48.36263464,86.80555556
62,2.10E-06,74,0.06%,6250,47.94562582,84.45945946
62,2.20E-06,73,0.06%,6250,47.48518462,85.61643836
62,2.30E-06,74,0.06%,6250,47.1886868,84.45945946
62,2.40E-06,74,0.06%,6250,46.72093771,84.45945946
62,2.50E-06,75,0.06%,6250,46.52478468,83.33333333
62,2.60E-06,75,0.06%,6250,46.2716181,83.33333333
62,2.70E-06,76,0.06%,6250,45.12048976,82.23684211
62,2.80E-06,78,0.06%,6250,44.87331366,80.12820513
62,2.90E-06,80,0.06%,6250,44.59221313,78.125
62,3.00E-06,80,0.06%,6250,43.79296089,78.125
62,3.10E-06,81,0.06%,6250,43.60505679,77.16049383
62,3.20E-06,83,0.06%,6250,42.0043819,75.30120482
62,3.30E-06,83,0.06%,6250,41.71784055,75.30120482
62,3.40E-06,77,0.05%,6250,39.81474993,81.16883117
62,3.50E-06,78,0.05%,6250,39.65257996,80.12820513
62,3.60E-06,78,0.05%,6250,39.4050779,80.12820513
62,3.70E-06,85,0.05%,6250,38.54955005,73.52941176
62,3.80E-06,84,0.05%,6118.873,38.09486247,72.84372619
62,3.90E-06,82,0.05%,5832.637,37.49541644,71.12971951
62,4.00E-06,66,0.05%,4619.575,33.4347203,69.99356061
62,4.10E-06,65,0.05%,4539.035,33.17571518,69.83130769
62,4.20E-06,63,0.05%,4360.526,32.65871268,69.21469841
62,4.30E-06,62,0.05%,4103.263,31.79222097,66.18166129
62,4.40E-06,62,0.05%,3726.584,30.58663624,60.10619355
62,4.50E-06,60,0.05%,3650.484,30.31686474,60.8414
62,4.60E-06,59,0.05%,3493.532,29.60344375,59.21240678
62,4.70E-06,57,0.05%,3328.159,28.9488201,58.38875439
62,4.80E-06,54,0.05%,3190.246,28.38802278,59.07862963
62,4.90E-06,48,0.05%,2836.867,26.93441253,59.10139583
64,1.00E-06,64,0.06%,6250,55.52890168,97.65625
64,1.10E-06,64,0.06%,6250,54.38045436,97.65625
64,1.20E-06,65,0.06%,6250,53.57770482,96.15384615
64,1.30E-06,65,0.06%,6250,52.71325675,96.15384615
64,1.40E-06,67,0.06%,6250,52.16984833,93.28358209
64,1.50E-06,69,0.06%,6250,51.37816798,90.57971014
64,1.60E-06,70,0.06%,6250,50.98087198,89.28571429
64,1.70E-06,70,0.06%,6250,50.17259372,89.28571429
64,1.80E-06,71,0.06%,6250,49.75362007,88.02816901
64,1.90E-06,75,0.06%,6250,49.08775319,83.33333333
64,2.00E-06,73,0.06%,6250,48.64721816,85.61643836
64,2.10E-06,74,0.06%,6250,48.15508248,84.45945946
64,2.20E-06,74,0.06%,6250,47.70446132,84.45945946
64,2.30E-06,74,0.06%,6250,47.31837316,84.45945946
64,2.40E-06,74,0.06%,6250,46.90783548,84.45945946
64,2.50E-06,74,0.06%,6250,46.65745959,84.45945946
64,2.60E-06,75,0.06%,6250,46.40354003,83.33333333
64,2.70E-06,76,0.06%,6250,46.06121351,82.23684211
64,2.80E-06,77,0.06%,6250,45.02784522,81.16883117
64,2.90E-06,78,0.06%,6250,44.86848151,80.12820513
64,3.00E-06,80,0.06%,6250,43.93271617,78.125
64,3.10E-06,80,0.06%,6250,43.78345056,78.125
64,3.20E-06,81,0.06%,6250,43.43505243,77.16049383
64,3.30E-06,82,0.06%,6250,41.87127764,76.2195122
64,3.40E-06,83,0.06%,6250,41.71449929,75.30120482
64,3.50E-06,78,0.05%,6250,39.74158432,80.12820513
64,3.60E-06,79,0.05%,6250,39.51569563,79.11392405
64,3.70E-06,79,0.05%,6250,39.29334842,79.11392405
64,3.80E-06,85,0.05%,6177.683,38.24977555,72.67862353
64,3.90E-06,83,0.05%,5869.433,37.61396145,70.71606024
64,4.00E-06,82,0.05%,5767.392,37.33858166,70.33404878
64,4.10E-06,66,0.05%,4593.178,33.36804405,69.59360606
64,4.20E-06,65,0.05%,4411.89,32.84586922,67.87523077
64,4.30E-06,64,0.05%,4282.103,32.45246684,66.90785938
64,4.40E-06,62,0.05%,4106.157,31.82524686,66.22833871
64,4.50E-06,62,0.05%,3713.991,30.56958837,59.90308065
64,4.60E-06,60,0.05%,3630.999,30.26185555,60.51665
64,4.70E-06,59,0.05%,3369.189,29.1603687,57.10489831
64,4.80E-06,59,0.05%,3255.233,28.69715429,55.17344068
64,4.90E-06,51,0.05%,3154.018,28.28588853,61.8434902
66,1.00E-06,63,0.06%,6250,56.00107522,99.20634921
66,1.10E-06,64,0.06%,6250,54.84476737,97.65625
66,1.20E-06,63,0.05%,6250,53.91788952,99.20634921
66,1.30E-06,65,0.06%,6250,52.99933857,96.15384615
66,1.40E-06,67,0.06%,6250,52.37839831,93.28358209
66,1.50E-06,68,0.06%,6250,51.69518863,91.91176471
66,1.60E-06,69,0.06%,6250,51.18084444,90.57971014
66,1.70E-06,70,0.06%,6250,50.32570798,89.28571429
66,1.80E-06,72,0.06%,6250,49.96003197,86.80555556
66,1.90E-06,74,0.06%,6250,49.21957443,84.45945946
66,2.00E-06,74,0.06%,6250,48.95932068,84.45945946
66,2.10E-06,73,0.06%,6250,48.36675153,85.61643836
66,2.20E-06,74,0.06%,6250,47.98353973,84.45945946
66,2.30E-06,73,0.06%,6250,47.50900771,85.61643836
66,2.40E-06,74,0.06%,6250,47.21399649,84.45945946
66,2.50E-06,74,0.06%,6250,46.7544903,84.45945946
66,2.60E-06,75,0.06%,6250,46.553201,83.33333333
66,2.70E-06,75,0.06%,6250,46.25689228,83.33333333
66,2.80E-06,77,0.06%,6250,45.87762053,81.16883117
66,2.90E-06,78,0.06%,6250,44.90103811,80.12820513
66,3.00E-06,79,0.06%,6250,44.69809121,79.11392405
66,3.10E-06,80,0.06%,6250,43.83350282,78.125
66,3.20E-06,80,0.06%,6250,43.63946124,78.125
66,3.30E-06,83,0.06%,6250,43.30474066,75.30120482
66,3.40E-06,83,0.06%,6250,41.76272092,75.30120482
66,3.50E-06,85,0.06%,6250,41.50038844,73.52941176
66,3.60E-06,78,0.05%,6250,39.70295835,80.12820513
66,3.70E-06,78,0.05%,6250,39.48648614,80.12820513
66,3.80E-06,79,0.05%,6250,39.29581892,79.11392405
66,3.90E-06,84,0.05%,6135.64,38.16242373,73.04333333
66,4.00E-06,83,0.05%,5852.794,37.58199237,70.51559036
66,4.10E-06,69,0.05%,4941.055,34.63542433,71.60949275
66,4.20E-06,67,0.05%,4555.784,33.268225,67.99677612
66,4.30E-06,65,0.05%,4371.062,32.72365338,67.24710769
66,4.40E-06,64,0.05%,4157.211,32.05819845,64.95642188
66,4.50E-06,63,0.05%,3768.224,30.80300491,59.81307937
66,4.60E-06,60,0.05%,3671.46,30.44833306,61.191
66,4.70E-06,60,0.05%,3622.164,30.26186776,60.3694
66,4.80E-06,59,0.05%,3351.874,29.09890701,56.81142373
66,4.90E-06,56,0.05%,3215.696,28.56162291,57.42314286
68,1.00E-06,64,0.06%,6250,56.70168563,97.65625
68,1.10E-06,65,0.06%,6250,55.26131973,96.15384615
68,1.20E-06,63,0.06%,6250,54.13833427,99.20634921
68,1.30E-06,65,0.06%,6250,53.46632904,96.15384615
68,1.40E-06,66,0.06%,6250,52.57269753,94.6969697
68,1.50E-06,67,0.06%,6250,52.06467682,93.28358209
68,1.60E-06,69,0.06%,6250,51.37563398,90.57971014
68,1.70E-06,70,0.06%,6250,50.63393689,89.28571429
68,1.80E-06,70,0.06%,6250,50.1259163,89.28571429
68,1.90E-06,75,0.06%,6250,49.42313319,83.33333333
68,2.00E-06,75,0.06%,6250,49.10588013,83.33333333
68,2.10E-06,74,0.06%,6250,48.59879942,84.45945946
68,2.20E-06,74,0.06%,6250,48.18329697,84.45945946
68,2.30E-06,74,0.06%,6250,47.76644121,84.45945946
68,2.40E-06,74,0.06%,6250,47.33521664,84.45945946
68,2.50E-06,74,0.06%,6250,46.93213988,84.45945946
68,2.60E-06,74,0.06%,6250,46.6797619,84.45945946
68,2.70E-06,75,0.06%,6250,46.43939844,83.33333333
68,2.80E-06,76,0.06%,6250,46.08328909,82.23684211
68,2.90E-06,77,0.06%,6250,45.04764239,81.16883117
68,3.00E-06,78,0.06%,6250,44.8089704,80.12820513
68,3.10E-06,81,0.06%,6250,44.52772118,77.16049383
68,3.20E-06,80,0.06%,6250,43.81445106,78.125
68,3.30E-06,81,0.06%,6250,43.54308327,77.16049383
68,3.40E-06,82,0.06%,6250,41.88951891,76.2195122
68,3.50E-06,83,0.06%,6250,41.74821485,75.30120482
68,3.60E-06,81,0.05%,6250,40.07797571,77.16049383
68,3.70E-06,78,0.05%,6250,39.5907896,80.12820513
68,3.80E-06,78,0.05%,6250,39.37627973,80.12820513
68,3.90E-06,85,0.05%,6250,38.67646058,73.52941176
68,4.00E-06,83,0.05%,5878.983,37.66212892,70.83112048
68,4.10E-06,83,0.05%,5823.286,37.5289106,70.16007229
68,4.20E-06,67,0.05%,4605.664,33.44295911,68.74125373
68,4.30E-06,66,0.05%,4423.797,32.91785042,67.02722727
68,4.40E-06,66,0.05%,4294.633,32.52943048,65.07019697
68,4.50E-06,65,0.05%,3835.254,31.11818447,59.00390769
68,4.60E-06,63,0.05%,3723.943,30.63788493,59.11020635
68,4.70E-06,61,0.05%,3646.03,30.36662863,59.77098361
68,4.80E-06,61,0.05%,3497.251,29.83467979,57.33198361
68,4.90E-06,59,0.05%,3312.004,28.98833291,56.13566102
70,1.00E-06,63,0.06%,6250,56.95487351,99.20634921
70,1.10E-06,64,0.06%,6250,55.50079477,97.65625
70,1.20E-06,63,0.06%,6250,54.61377141,99.20634921
70,1.30E-06,63,0.05%,6250,53.65635892,99.20634921
70,1.40E-06,65,0.06%,6250,52.84339753,96.15384615
70,1.50E-06,67,0.06%,6250,52.27588284,93.28358209
70,1.60E-06,69,0.06%,6250,51.5051876,90.57971014
70,1.70E-06,69,0.06%,6250,51.10593238,90.57971014
70,1.80E-06,70,0.06%,6250,50.27995881,89.28571429
70,1.90E-06,72,0.06%,6250,49.97081704,86.80555556
70,2.00E-06,75,0.06%,6250,49.22965437,83.33333333
70,2.10E-06,74,0.06%,6250,48.79724549,84.45945946
70,2.20E-06,74,0.06%,6250,48.38734652,84.45945946
70,2.30E-06,75,0.06%,6250,48.0115535,83.33333333
70,2.40E-06,73,0.06%,6250,47.54117065,85.61643836
70,2.50E-06,74,0.06%,6250,47.23433521,84.45945946
70,2.60E-06,74,0.06%,6250,46.77898613,84.45945946
70,2.70E-06,75,0.06%,6250,46.57540372,83.33333333
70,2.80E-06,75,0.06%,6250,46.28395391,83.33333333
70,2.90E-06,76,0.06%,6250,45.95520654,82.23684211
70,3.00E-06,78,0.06%,6250,44.9200782,80.12820513
70,3.10E-06,78,0.06%,6250,44.75859007,80.12820513
70,3.20E-06,80,0.06%,6250,43.86118811,78.125
70,3.30E-06,79,0.06%,6250,43.68032987,79.11392405
70,3.40E-06,81,0.06%,6250,43.47009605,77.16049383
70,3.50E-06,83,0.06%,6250,41.7777956,75.30120482
70,3.60E-06,85,0.06%,6250,41.57713723,73.52941176
70,3.70E-06,78,0.05%,6250,39.7395628,80.12820513
70,3.80E-06,78,0.05%,6250,39.55245605,80.12820513
70,3.90E-06,80,0.05%,6250,39.30125512,78.125
70,4.00E-06,84,0.05%,6152.077,38.24134887,73.2390119
70,4.10E-06,83,0.05%,5862.022,37.62940757,70.62677108
70,4.20E-06,82,0.05%,5750.917,37.33585878,70.13313415
70,4.30E-06,67,0.05%,4577.596,33.37048296,68.32232836
70,4.40E-06,66,0.05%,4393.192,32.83353014,66.56351515
70,4.50E-06,66,0.05%,4182.131,32.18360704,63.36562121
70,4.60E-06,65,0.05%,3807.857,31.00406292,58.58241538
70,4.70E-06,61,0.05%,3679.094,30.50177833,60.31301639
70,4.80E-06,61,0.05%,3609.324,30.25798717,59.1692459
70,4.90E-06,60,0.05%,3384.5,29.29364619,56.40833333
72,1.00E-06,62,0.06%,6250,57.40686311,100.8064516
72,1.10E-06,63,0.06%,6250,56.19796069,99.20634921
72,1.20E-06,64,0.06%,6250,54.88329616,97.65625
72,1.30E-06,63,0.05%,6250,53.93929456,99.20634921
72,1.40E-06,65,0.06%,6250,53.11825398,96.15384615
72,1.50E-06,67,0.06%,6250,52.44124483,93.28358209
72,1.60E-06,68,0.06%,6250,51.8452771,91.91176471
72,1.70E-06,69,0.06%,6250,51.30857387,90.57971014
72,1.80E-06,70,0.06%,6250,50.61220523,89.28571429
72,1.90E-06,70,0.06%,6250,50.1259163,89.28571429
72,2.00E-06,75,0.06%,6250,49.42430569,83.33333333
72,2.10E-06,75,0.06%,6250,49.02499098,83.33333333
72,2.20E-06,74,0.06%,6250,48.61391992,84.45945946
72,2.30E-06,75,0.06%,6250,48.20224892,83.33333333
72,2.40E-06,74,0.06%,6250,47.66880477,84.45945946
72,2.50E-06,74,0.06%,6250,47.33091504,84.45945946
72,2.60E-06,74,0.06%,6250,46.90959583,84.45945946
72,2.70E-06,75,0.06%,6250,46.65293204,83.33333333
72,2.80E-06,75,0.06%,6250,46.44492004,83.33333333
72,2.90E-06,76,0.06%,6250,46.05442528,82.23684211
72,3.00E-06,77,0.06%,6250,45.42217183,81.16883117
72,3.10E-06,78,0.06%,6250,44.82793246,80.12820513
72,3.20E-06,80,0.06%,6250,44.6141766,78.125
72,3.30E-06,80,0.06%,6250,43.76137796,78.125
72,3.40E-06,81,0.06%,6250,43.5615961,77.16049383
72,3.50E-06,83,0.06%,6250,42.68688317,75.30120482
72,3.60E-06,84,0.06%,6250,41.65306,74.4047619
72,3.70E-06,85,0.06%,6250,41.41541316,73.52941176
72,3.80E-06,78,0.05%,6250,39.61287133,80.12820513
72,3.90E-06,78,0.05%,6250,39.41128992,80.12820513
72,4.00E-06,84,0.05%,6250,39.1795489,74.4047619
72,4.10E-06,83,0.05%,5895.951,37.74568187,71.03555422
72,4.20E-06,83,0.05%,5832.05,37.57207373,70.26566265
72,4.30E-06,69,0.05%,4924.567,34.63224704,71.37053623
72,4.40E-06,66,0.05%,4432.804,32.97358575,67.16369697
72,4.50E-06,66,0.05%,4303.853,32.58766563,65.20989394
72,4.60E-06,66,0.05%,3847.382,31.20114509,58.29366667
72,4.70E-06,63,0.05%,3688.671,30.56825226,58.55033333
72,4.80E-06,63,0.05%,3657.223,30.44565154,58.05115873
72,4.90E-06,61,0.05%,3504.945,29.88935223,57.45811475
74,1.00E-06,62,0.06%,6250,57.79224382,100.8064516
74,1.10E-06,64,0.06%,6250,56.65080444,97.65625
74,1.20E-06,64,0.06%,6250,55.09957595,97.65625
74,1.30E-06,63,0.06%,6250,54.23228773,99.20634921
74,1.40E-06,65,0.06%,6250,53.48920802,96.15384615
74,1.50E-06,65,0.06%,6250,52.67860153,96.15384615
74,1.60E-06,67,0.06%,6250,52.16680021,93.28358209
74,1.70E-06,69,0.06%,6250,51.40183073,90.57971014
74,1.80E-06,69,0.06%,6250,51.03457286,90.57971014
74,1.90E-06,70,0.06%,6250,50.22500804,89.28571429
74,2.00E-06,72,0.06%,6250,49.84408769,86.80555556
74,2.10E-06,76,0.06%,6250,49.14642489,82.23684211
74,2.20E-06,75,0.06%,6250,48.79724549,83.33333333
74,2.30E-06,74,0.06%,6250,48.35066221,84.45945946
74,2.40E-06,76,0.06%,6250,47.84542483,82.23684211
74,2.50E-06,74,0.06%,6250,47.46571077,84.45945946
74,2.60E-06,75,0.06%,6250,47.07175996,83.33333333
74,2.70E-06,74,0.06%,6250,46.74295116,84.45945946
74,2.80E-06,74,0.06%,6250,46.54141441,84.45945946
74,2.90E-06,76,0.06%,6250,46.16600557,82.23684211
74,3.00E-06,76,0.06%,6250,45.94169448,82.23684211
74,3.10E-06,77,0.06%,6250,44.93073478,81.16883117
74,3.20E-06,79,0.06%,6250,44.73680443,79.11392405
74,3.30E-06,81,0.06%,6250,44.22305401,77.16049383
74,3.40E-06,81,0.06%,6250,43.65287236,77.16049383
74,3.50E-06,81,0.06%,6250,43.42328322,77.16049383
74,3.60E-06,82,0.06%,6250,41.80602007,76.2195122
74,3.70E-06,85,0.06%,6250,41.60176791,73.52941176
74,3.80E-06,78,0.05%,6250,39.73223651,80.12820513
74,3.90E-06,79,0.05%,6250,39.49172569,79.11392405
74,4.00E-06,83,0.05%,6250,39.2644666,75.30120482
74,4.10E-06,83,0.05%,5945.75,37.91738942,71.63554217
74,4.20E-06,83,0.05%,5851.32,37.65255497,70.49783133
74,4.30E-06,83,0.05%,5780.923,37.48880055,69.6496747
74,4.40E-06,66,0.05%,4447.525,33.04547954,67.38674242
74,4.50E-06,66,0.05%,4330.738,32.6892559,65.61724242
74,4.60E-06,66,0.05%,4188.784,32.23282084,63.46642424
74,4.70E-06,66,0.05%,3826.5,31.1363359,57.97727273
74,4.80E-06,63,0.05%,3667.671,30.50368023,58.217
74,4.90E-06,63,0.05%,3620.048,30.33390313,57.46107937
76,1.00E-06,62,0.06%,6250,58.08550186,100.8064516
76,1.10E-06,63,0.06%,6250,56.84402001,99.20634921
76,1.20E-06,64,0.06%,6250,55.45942588,97.65625
76,1.30E-06,63,0.06%,6250,54.62856943,99.20634921
76,1.40E-06,64,0.06%,6250,53.63701898,97.65625
76,1.50E-06,65,0.06%,6250,52.87558586,96.15384615
76,1.60E-06,67,0.06%,6250,52.29250335,93.28358209
76,1.70E-06,68,0.06%,6250,51.60299545,91.91176471
76,1.80E-06,69,0.06%,6250,51.2013894,90.57971014
76,1.90E-06,70,0.06%,6250,50.36666935,89.28571429
76,2.00E-06,72,0.06%,6250,50.00200008,86.80555556
76,2.10E-06,75,0.06%,6250,49.2797275,83.33333333
76,2.20E-06,75,0.06%,6250,49.01422589,83.33333333
76,2.30E-06,75,0.06%,6250,48.45487107,83.33333333
76,2.40E-06,76,0.06%,6250,48.04661675,82.23684211
76,2.50E-06,75,0.06%,6250,47.6684412,83.33333333
76,2.60E-06,75,0.06%,6250,47.35565995,83.33333333
76,2.70E-06,75,0.06%,6250,46.93143505,83.33333333
76,2.80E-06,75,0.06%,6250,46.63239497,83.33333333
76,2.90E-06,75,0.06%,6250,46.32821129,83.33333333
76,3.00E-06,76,0.06%,6250,46.04729979,82.23684211
76,3.10E-06,78,0.06%,6250,45.37929833,80.12820513
76,3.20E-06,78,0.06%,6250,44.79419754,80.12820513
76,3.30E-06,80,0.06%,6250,44.59125869,78.125
76,3.40E-06,79,0.06%,6250,43.72616924,79.11392405
76,3.50E-06,81,0.06%,6250,43.58134021,77.16049383
76,3.60E-06,82,0.06%,6250,42.62225768,76.2195122
76,3.70E-06,85,0.06%,6250,41.6375204,73.52941176
76,3.80E-06,85,0.06%,6250,41.43930302,73.52941176
76,3.90E-06,78,0.05%,6250,39.62266543,80.12820513
76,4.00E-06,78,0.05%,6250,39.42919148,80.12820513
76,4.10E-06,84,0.05%,6250,39.24227869,74.4047619
76,4.20E-06,83,0.05%,5903.144,37.78253968,71.12221687
76,4.30E-06,83,0.05%,5848.732,37.65528608,70.4666506
76,4.40E-06,71,0.05%,5027.588,35.05402164,70.81109859
76,4.50E-06,66,0.05%,4443.624,33.03343022,67.32763636
76,4.60E-06,66,0.05%,4313.26,32.64554509,65.35242424
76,4.70E-06,66,0.05%,3855.314,31.25533243,58.41384848
76,4.80E-06,63,0.05%,3696.928,30.62601895,58.68139683
76,4.90E-06,63,0.05%,3626.675,30.38026907,57.56626984
78,1.00E-06,59,0.06%,6250,58.7731919,105.9322034
78,1.10E-06,62,0.06%,6250,57.26484763,100.8064516
78,1.20E-06,63,0.06%,6250,56.18684599,99.20634921
78,1.30E-06,63,0.06%,6250,54.82215692,99.20634921
78,1.40E-06,63,0.05%,6250,53.96677374,99.20634921
78,1.50E-06,65,0.06%,6250,53.29399526,96.15384615
78,1.60E-06,66,0.06%,6250,52.5333692,94.6969697
78,1.70E-06,68,0.06%,6250,51.8986606,91.91176471
78,1.80E-06,69,0.06%,6250,51.3351239,90.57971014
78,1.90E-06,70,0.06%,6250,50.63516754,89.28571429
78,2.00E-06,70,0.06%,6250,50.14481824,89.28571429
78,2.10E-06,75,0.06%,6250,49.47164285,83.33333333
78,2.20E-06,75,0.06%,6250,49.09353693,83.33333333
78,2.30E-06,75,0.06%,6250,48.67297988,83.33333333
78,2.40E-06,75,0.06%,6250,48.29424719,83.33333333
78,2.50E-06,76,0.06%,6250,47.84286108,82.23684211
78,2.60E-06,75,0.06%,6250,47.47977362,83.33333333
78,2.70E-06,75,0.06%,6250,47.09304078,83.33333333
78,2.80E-06,75,0.06%,6250,46.76498537,83.33333333
78,2.90E-06,74,0.06%,6250,46.5230531,84.45945946
78,3.00E-06,76,0.06%,6250,46.1193347,82.23684211
78,3.10E-06,77,0.06%,6250,45.90322865,81.16883117
78,3.20E-06,78,0.06%,6250,44.8681594,80.12820513
78,3.30E-06,80,0.06%,6250,44.661998,78.125
78,3.40E-06,81,0.06%,6250,44.1443414,77.16049383
78,3.50E-06,81,0.06%,6250,43.60383993,77.16049383
78,3.60E-06,81,0.06%,6250,43.43927884,77.16049383
78,3.70E-06,83,0.06%,6250,41.70976676,75.30120482
78,3.80E-06,85,0.06%,6250,41.59706092,73.52941176
78,3.90E-06,78,0.05%,6250,39.71405878,80.12820513
78,4.00E-06,79,0.05%,6250,39.51119905,79.11392405
78,4.10E-06,83,0.05%,6250,39.27260846,75.30120482
78,4.20E-06,83,0.05%,6023.216,38.16461583,72.56886747
78,4.30E-06,83,0.05%,5853.743,37.67590477,70.5270241
78,4.40E-06,83,0.05%,5789.036,37.53143376,69.74742169
78,4.50E-06,66,0.05%,4462.57,33.13461538,67.61469697
78,4.60E-06,66,0.05%,4317.926,32.67467783,65.42312121
78,4.70E-06,66,0.05%,3879.717,31.37355857,58.78359091
78,4.80E-06,64,0.05%,3784.106,31.03608746,59.12665625
78,4.90E-06,63,0.05%,3671.186,30.54307512,58.27279365
80,1.00E-06,60,0.06%,6250,59.08936202,104.1666667
80,1.10E-06,62,0.06%,6250,57.60315573,100.8064516
80,1.20E-06,63,0.06%,6250,56.54726899,99.20634921
80,1.30E-06,64,0.06%,6250,55.01857427,97.65625
80,1.40E-06,63,0.06%,6250,54.23228773,99.20634921
80,1.50E-06,65,0.06%,6250,53.49744924,96.15384615
80,1.60E-06,65,0.06%,6250,52.70747772,96.15384615
80,1.70E-06,67,0.06%,6250,52.1885803,93.28358209
80,1.80E-06,69,0.06%,6250,51.48058152,90.57971014
80,1.90E-06,69,0.06%,6250,51.042075,90.57971014
80,2.00E-06,70,0.06%,6250,50.25489282,89.28571429
80,2.10E-06,72,0.06%,6250,49.85641353,86.80555556
80,2.20E-06,76,0.06%,6250,49.22228785,82.23684211
80,2.30E-06,75,0.06%,6250,48.835374,83.33333333
80,2.40E-06,75,0.06%,6250,48.37948091,83.33333333
80,2.50E-06,76,0.06%,6250,47.98243459,82.23684211
80,2.60E-06,75,0.06%,6250,47.55817316,83.33333333
80,2.70E-06,76,0.06%,6250,47.12570877,82.23684211
80,2.80E-06,75,0.06%,6250,46.80701281,83.33333333
80,2.90E-06,75,0.06%,6250,46.65432504,83.33333333
80,3.00E-06,75,0.06%,6250,46.35845096,83.33333333
80,3.10E-06,76,0.06%,6250,45.99172885,82.23684211
80,3.20E-06,78,0.06%,6250,45.34736078,80.12820513
80,3.30E-06,78,0.06%,6250,44.78809855,80.12820513
80,3.40E-06,82,0.06%,6250,44.54771595,76.2195122
80,3.50E-06,80,0.06%,6250,43.69346066,78.125
80,3.60E-06,81,0.06%,6250,43.55431048,77.16049383
80,3.70E-06,82,0.06%,6250,42.65571041,76.2195122
80,3.80E-06,85,0.06%,6250,41.64667626,73.52941176
80,3.90E-06,86,0.06%,6250,41.38743941,72.6744186
80,4.00E-06,79,0.05%,6250,39.58652665,79.11392405
80,4.10E-06,82,0.05%,6250,39.31559414,76.2195122
80,4.20E-06,84,0.05%,6204.126,38.70780691,73.85864286
80,4.30E-06,83,0.05%,5866.862,37.71882836,70.68508434
80,4.40E-06,83,0.05%,5795.941,37.55550444,69.83061446
80,4.50E-06,70,0.05%,4875.863,34.71229844,69.65518571
80,4.60E-06,66,0.05%,4362.791,32.85333143,66.10289394
80,4.70E-06,66,0.05%,3890.819,31.43029436,58.95180303
80,4.80E-06,66,0.05%,3842.244,31.23750213,58.21581818
80,4.90E-06,64,0.05%,3735.845,30.83092629,58.37257813
82,1.00E-06,58,0.06%,6250,59.64992651,107.7586207
82,1.10E-06,62,0.06%,6250,57.91648906,100.8064516
82,1.20E-06,64,0.06%,6250,56.75059702,97.65625
82,1.30E-06,64,0.06%,6250,55.42008424,97.65625
82,1.40E-06,63,0.06%,6250,54.57657312,99.20634921
82,1.50E-06,63,0.05%,6250,53.64208286,99.20634921
82,1.60E-06,65,0.06%,6250,52.88900924,96.15384615
82,1.70E-06,67,0.06%,6250,52.30650777,93.28358209
82,1.80E-06,68,0.06%,6250,51.64136928,91.91176471
82,1.90E-06,69,0.06%,6250,51.15361636,90.57971014
82,2.00E-06,70,0.06%,6250,50.32125087,89.28571429
82,2.10E-06,71,0.06%,6250,50.01440415,88.02816901
82,2.20E-06,75,0.06%,6250,49.37549869,83.33333333
82,2.30E-06,76,0.06%,6250,48.95280167,82.23684211
82,2.40E-06,75,0.06%,6250,48.61354179,83.33333333
82,2.50E-06,77,0.06%,6250,48.13431399,81.16883117
82,2.60E-06,76,0.06%,6250,47.7237672,82.23684211
82,2.70E-06,77,0.06%,6250,47.38581913,81.16883117
82,2.80E-06,76,0.06%,6250,46.97376234,82.23684211
82,2.90E-06,75,0.06%,6250,46.68429466,83.33333333
82,3.00E-06,76,0.06%,6250,46.39665053,82.23684211
82,3.10E-06,76,0.06%,6250,46.14759848,82.23684211
82,3.20E-06,77,0.06%,6250,45.84565053,81.16883117
82,3.30E-06,78,0.06%,6250,44.83597208,80.12820513
82,3.40E-06,80,0.06%,6250,44.6243699,78.125
82,3.50E-06,79,0.06%,6250,43.76934605,79.11392405
82,3.60E-06,81,0.06%,6250,43.57526319,77.16049383
82,3.70E-06,81,0.06%,6250,43.38349622,77.16049383
82,3.80E-06,85,0.06%,6250,41.6680556,73.52941176
82,3.90E-06,85,0.06%,6250,41.52216952,73.52941176
82,4.00E-06,78,0.05%,6250,39.73072106,80.12820513
82,4.10E-06,79,0.05%,6250,39.52769152,79.11392405
82,4.20E-06,85,0.05%,6250,38.87783031,73.52941176
82,4.30E-06,83,0.05%,5926.387,37.90849719,71.40225301
82,4.40E-06,83,0.05%,5834.309,37.65576553,70.29287952
82,4.50E-06,83,0.05%,5793.031,37.55222149,69.79555422
82,4.60E-06,66,0.05%,4467.44,33.16461898,67.68848485
82,4.70E-06,66,0.05%,4331.309,32.75562463,65.62589394
82,4.80E-06,66,0.05%,3894.024,31.46736917,59.00036364
82,4.90E-06,64,0.05%,3790.178,31.07849617,59.22153125
84,1.00E-06,58,0.06%,6250,59.89286365,107.7586207
84,1.10E-06,59,0.06%,6250,58.64194635,105.9322034
84,1.20E-06,62,0.06%,6250,57.10526556,100.8064516
84,1.30E-06,63,0.06%,6250,56.03220283,99.20634921
84,1.40E-06,63,0.06%,6250,54.7434067,99.20634921
84,1.50E-06,62,0.05%,6250,53.79027816,100.8064516
84,1.60E-06,65,0.06%,6250,53.24858998,96.15384615
84,1.70E-06,67,0.06%,6250,52.4443251,93.28358209
84,1.80E-06,67,0.06%,6250,51.92927648,93.28358209
84,1.90E-06,68,0.06%,6250,51.29804575,91.91176471
84,2.00E-06,70,0.06%,6250,50.60400946,89.28571429
84,2.10E-06,71,0.06%,6250,50.10542181,88.02816901
84,2.20E-06,75,0.06%,6250,49.48221807,83.33333333
84,2.30E-06,75,0.06%,6250,49.11166815,83.33333333
84,2.40E-06,75,0.06%,6250,48.69231908,83.33333333
84,2.50E-06,75,0.06%,6250,48.31888921,83.33333333
84,2.60E-06,76,0.06%,6250,47.83334099,82.23684211
84,2.70E-06,76,0.06%,6250,47.47364263,82.23684211
84,2.80E-06,77,0.06%,6250,47.09091183,81.16883117
84,2.90E-06,76,0.06%,6250,46.80631174,82.23684211
84,3.00E-06,75,0.06%,6250,46.57228018,83.33333333
84,3.10E-06,77,0.06%,6250,46.17760275,81.16883117
84,3.20E-06,76,0.06%,6250,45.9721078,82.23684211
84,3.30E-06,78,0.06%,6250,44.91943251,80.12820513
84,3.40E-06,80,0.06%,6250,44.69169879,78.125
84,3.50E-06,83,0.06%,6250,44.39771831,75.30120482
84,3.60E-06,81,0.06%,6250,43.64342276,77.16049383
84,3.70E-06,80,0.06%,6250,43.48975729,78.125
84,3.80E-06,82,0.06%,6250,42.56507348,76.2195122
84,3.90E-06,85,0.06%,6250,41.54259279,73.52941176
84,4.00E-06,81,0.05%,6250,40.03535923,77.16049383
84,4.10E-06,79,0.05%,6250,39.55621096,79.11392405
84,4.20E-06,82,0.05%,6250,39.32573665,76.2195122
84,4.30E-06,84,0.05%,6208.612,38.73603694,73.91204762
84,4.40E-06,83,0.05%,5863.847,37.72733824,70.64875904
84,4.50E-06,83,0.05%,5798.079,37.57617529,69.85637349
84,4.60E-06,68,0.05%,4557.836,33.54877555,67.027
84,4.70E-06,66,0.05%,4334.778,32.7769015,65.67845455
84,4.80E-06,66,0.05%,3898.484,31.49348478,59.06793939
84,4.90E-06,64,0.05%,3804.857,31.16895766,59.45089063
86,1.00E-06,57,0.06%,6250,60.20266626,109.6491228
86,1.10E-06,59,0.06%,6250,58.7980733,105.9322034
86,1.20E-06,62,0.06%,6250,57.31000587,100.8064516
86,1.30E-06,63,0.06%,6250,56.43850461,99.20634921
86,1.40E-06,64,0.06%,6250,54.9213965,97.65625
86,1.50E-06,63,0.06%,6250,54.15334494,99.20634921
86,1.60E-06,65,0.06%,6250,53.41195573,96.15384615
86,1.70E-06,66,0.06%,6250,52.57269753,94.6969697
86,1.80E-06,67,0.06%,6250,52.19860525,93.28358209
86,1.90E-06,69,0.06%,6250,51.41916907,90.57971014
86,2.00E-06,70,0.06%,6250,50.90032495,89.28571429
86,2.10E-06,70,0.06%,6250,50.22581527,89.28571429
86,2.20E-06,72,0.06%,6250,49.63429452,86.80555556
86,2.30E-06,75,0.06%,6250,49.24206612,83.33333333
86,2.40E-06,75,0.06%,6250,48.79876949,83.33333333
86,2.50E-06,75,0.06%,6250,48.41845944,83.33333333
86,2.60E-06,76,0.06%,6250,47.92503757,82.23684211
86,2.70E-06,76,0.06%,6250,47.60526476,82.23684211
86,2.80E-06,77,0.06%,6250,47.15771047,81.16883117
86,2.90E-06,77,0.06%,6250,46.83366929,81.16883117
86,3.00E-06,76,0.06%,6250,46.61048549,82.23684211
86,3.10E-06,76,0.06%,6250,46.40078399,82.23684211
86,3.20E-06,77,0.06%,6250,46.05612215,81.16883117
86,3.30E-06,77,0.06%,6250,45.6827933,81.16883117
86,3.40E-06,78,0.06%,6250,44.8269679,80.12820513
86,3.50E-06,81,0.06%,6250,44.57917261,77.16049383
86,3.60E-06,79,0.06%,6250,43.73534866,79.11392405
86,3.70E-06,80,0.06%,6250,43.51610096,78.125
86,3.80E-06,82,0.06%,6250,43.21670585,76.2195122
86,3.90E-06,85,0.06%,6250,41.64945156,73.52941176
86,4.00E-06,86,0.06%,6250,41.4830351,72.6744186
86,4.10E-06,79,0.05%,6250,39.62216305,79.11392405
86,4.20E-06,81,0.05%,6250,39.38099379,77.16049383
86,4.30E-06,84,0.05%,6227.252,38.7976275,74.13395238
86,4.40E-06,83,0.05%,5908.218,37.88023415,71.1833494
86,4.50E-06,83,0.05%,5807.366,37.61076894,69.96826506
86,4.60E-06,81,0.05%,5588.714,37.12074657,68.99646914
86,4.70E-06,66,0.05%,4350.981,32.84428525,65.92395455
86,4.80E-06,66,0.05%,3905.106,31.53118717,59.16827273
86,4.90E-06,64,0.05%,3821.725,31.24162089,59.71445313
88,1.00E-06,56,0.06%,6250,60.82665862,111.6071429
88,1.10E-06,60,0.06%,6250,59.11954445,104.1666667
88,1.20E-06,62,0.06%,6250,57.73245395,100.8064516
88,1.30E-06,63,0.06%,6250,56.58617849,99.20634921
88,1.40E-06,64,0.06%,6250,55.14576128,97.65625
88,1.50E-06,62,0.05%,6250,54.47097786,100.8064516
88,1.60E-06,65,0.06%,6250,53.57448997,96.15384615
88,1.70E-06,65,0.06%,6250,52.82329972,96.15384615
88,1.80E-06,67,0.06%,6250,52.25927289,93.28358209
88,1.90E-06,69,0.06%,6250,51.55276941,90.57971014
88,2.00E-06,69,0.06%,6250,51.16785513,90.57971014
88,2.10E-06,70,0.06%,6250,50.3293553,89.28571429
88,2.20E-06,72,0.06%,6250,49.97241523,86.80555556
88,2.30E-06,75,0.06%,6250,49.31588997,83.33333333
88,2.40E-06,75,0.06%,6250,48.96238905,83.33333333
88,2.50E-06,75,0.06%,6250,48.48908026,83.33333333
88,2.60E-06,77,0.06%,6250,48.1491468,81.16883117
88,2.70E-06,76,0.06%,6250,47.69317644,82.23684211
88,2.80E-06,77,0.06%,6250,47.24969004,81.16883117
88,2.90E-06,77,0.06%,6250,47.00025568,81.16883117
88,3.00E-06,77,0.06%,6250,46.72512915,81.16883117
88,3.10E-06,77,0.06%,6250,46.4411238,81.16883117
88,3.20E-06,77,0.06%,6250,46.09926462,81.16883117
88,3.30E-06,78,0.06%,6250,45.89614986,80.12820513
88,3.40E-06,79,0.06%,6250,44.85366939,79.11392405
88,3.50E-06,80,0.06%,6250,44.66742423,78.125
88,3.60E-06,80,0.06%,6250,44.09357715,78.125
88,3.70E-06,81,0.06%,6250,43.61266372,77.16049383
88,3.80E-06,81,0.06%,6250,43.41785342,77.16049383
88,3.90E-06,85,0.06%,6250,41.68389601,73.52941176
88,4.00E-06,85,0.06%,6250,41.4943269,73.52941176
88,4.10E-06,78,0.05%,6250,39.70043639,80.12820513
88,4.20E-06,79,0.05%,6250,39.49472035,79.11392405
88,4.30E-06,84,0.05%,6235.62,38.82629839,74.23357143
88,4.40E-06,83,0.05%,5997.212,38.15602891,72.25556627
88,4.50E-06,83,0.05%,5814.376,37.63618122,70.05272289
88,4.60E-06,82,0.05%,5643.394,37.2954215,68.82187805
88,4.70E-06,68,0.05%,4467.417,33.32152607,65.69730882
88,4.80E-06,66,0.05%,3911.56,31.56647702,59.26606061
88,4.90E-06,66,0.05%,3902.345,31.52161972,59.12643939
90,1.00E-06,57,0.06%,6250,61.18333464,109.6491228
90,1.10E-06,59,0.06%,6250,59.60214377,105.9322034
90,1.20E-06,62,0.06%,6250,58.19312669,100.8064516
90,1.30E-06,64,0.06%,6250,56.76863828,97.65625
90,1.40E-06,64,0.06%,6250,55.6272529,97.65625
90,1.50E-06,63,0.06%,6250,54.63668788,99.20634921
90,1.60E-06,62,0.05%,6250,53.74448582,100.8064516
90,1.70E-06,65,0.06%,6250,53.18288958,96.15384615
90,1.80E-06,67,0.06%,6250,52.39596258,93.28358209
90,1.90E-06,68,0.06%,6250,51.71443702,91.91176471
90,2.00E-06,68,0.06%,6250,51.3043621,91.91176471
90,2.10E-06,70,0.06%,6250,50.61220523,89.28571429
90,2.20E-06,71,0.06%,6250,50.11827914,88.02816901
90,2.30E-06,75,0.06%,6250,49.40828636,83.33333333
90,2.40E-06,75,0.06%,6250,49.12209001,83.33333333
90,2.50E-06,75,0.06%,6250,48.65933792,83.33333333
90,2.60E-06,76,0.06%,6250,48.25286043,82.23684211
90,2.70E-06,76,0.06%,6250,47.84688995,82.23684211
90,2.80E-06,76,0.06%,6250,47.46931583,82.23684211
90,2.90E-06,77,0.06%,6250,47.03916669,81.16883117
90,3.00E-06,76,0.06%,6250,46.78598965,82.23684211
90,3.10E-06,78,0.06%,6250,46.53448391,80.12820513
90,3.20E-06,78,0.06%,6250,46.21242929,80.12820513
90,3.30E-06,78,0.06%,6250,45.94743613,80.12820513
90,3.40E-06,79,0.06%,6250,45.33453258,79.11392405
90,3.50E-06,81,0.06%,6250,44.69489477,77.16049383
90,3.60E-06,82,0.06%,6250,44.51757198,76.2195122
90,3.70E-06,81,0.06%,6250,43.63946124,77.16049383
90,3.80E-06,81,0.06%,6250,43.45075465,77.16049383
90,3.90E-06,82,0.06%,6250,42.59756546,76.2195122
90,4.00E-06,85,0.06%,6250,41.56773546,73.52941176
90,4.10E-06,86,0.06%,6250,41.38250679,72.6744186
90,4.20E-06,79,0.05%,6250,39.56547612,79.11392405
90,4.30E-06,85,0.05%,6250,38.94711916,73.52941176
90,4.40E-06,84,0.05%,6187.695,38.71640773,73.66303571
90,4.50E-06,83,0.05%,5884.569,37.84994629,70.89842169
90,4.60E-06,82,0.05%,5679.898,37.38988875,69.26704878
90,4.70E-06,70,0.05%,4877.283,34.75407768,69.67547143
90,4.80E-06,66,0.05%,4345.804,32.83966328,65.84551515
90,4.90E-06,66,0.05%,3907.723,31.55613967,59.20792424
92,1.00E-06,56,0.06%,6250,61.47037128,111.6071429
92,1.10E-06,58,0.06%,6250,59.90491891,107.7586207
92,1.20E-06,60,0.06%,6250,58.59246829,104.1666667
92,1.30E-06,62,0.06%,6250,57.04688798,100.8064516
92,1.40E-06,63,0.06%,6250,56.16261098,99.20634921
92,1.50E-06,63,0.06%,6250,54.76739193,99.20634921
92,1.60E-06,62,0.05%,6250,53.91556391,100.8064516
92,1.70E-06,65,0.06%,6250,53.32764505,96.15384615
92,1.80E-06,66,0.06%,6250,52.53778518,94.6969697
92,1.90E-06,67,0.06%,6250,51.96036048,93.28358209
92,2.00E-06,68,0.06%,6250,51.37647862,91.91176471
92,2.10E-06,70,0.06%,6250,50.84773341,89.28571429
92,2.20E-06,70,0.06%,6250,50.15165862,89.28571429
92,2.30E-06,72,0.06%,6250,49.64060204,86.80555556
92,2.40E-06,75,0.06%,6250,49.14217421,83.33333333
92,2.50E-06,75,0.06%,6250,48.8063909,83.33333333
92,2.60E-06,75,0.06%,6250,48.35253251,83.33333333
92,2.70E-06,76,0.06%,6250,47.88794986,82.23684211
92,2.80E-06,76,0.06%,6250,47.57880954,82.23684211
92,2.90E-06,77,0.06%,6250,47.13175021,81.16883117
92,3.00E-06,77,0.06%,6250,46.85684297,81.16883117
92,3.10E-06,77,0.06%,6250,46.63100328,81.16883117
92,3.20E-06,79,0.06%,6250,46.249704,79.11392405
92,3.30E-06,78,0.06%,6250,46.08770675,80.12820513
92,3.40E-06,78,0.06%,6250,45.76273668,80.12820513
92,3.50E-06,79,0.06%,6250,44.86204025,79.11392405
92,3.60E-06,83,0.06%,6250,44.55025625,75.30120482
92,3.70E-06,79,0.06%,6250,43.77854361,79.11392405
92,3.80E-06,80,0.06%,6250,43.47614377,78.125
92,3.90E-06,81,0.06%,6250,43.27385774,77.16049383
92,4.00E-06,85,0.06%,6250,41.68278401,73.52941176
92,4.10E-06,86,0.06%,6250,41.45057102,72.6744186
92,4.20E-06,79,0.05%,6250,39.64352542,79.11392405
92,4.30E-06,81,0.05%,6250,39.39663269,77.16049383
92,4.40E-06,84,0.05%,6235.968,38.83910587,74.23771429
92,4.50E-06,83,0.05%,5914.876,37.91514266,71.26356627
92,4.60E-06,83,0.05%,5815.23,37.65194533,70.06301205
92,4.70E-06,81,0.05%,5596.519,37.16246779,69.09282716
92,4.80E-06,68,0.05%,4442.067,33.25746822,65.32451471
92,4.90E-06,66,0.05%,3912.477,31.58177812,59.27995455
94,1.00E-06,55,0.06%,6250,61.96462563,113.6363636
94,1.10E-06,57,0.06%,6250,60.14241724,109.6491228
94,1.20E-06,59,0.06%,6250,58.75164505,105.9322034
94,1.30E-06,62,0.06%,6250,57.28164238,100.8064516
94,1.40E-06,63,0.06%,6250,56.36012769,99.20634921
94,1.50E-06,63,0.06%,6250,54.88040462,99.20634921
94,1.60E-06,63,0.06%,6250,54.31618101,99.20634921
94,1.70E-06,65,0.06%,6250,53.47319068,96.15384615
94,1.80E-06,65,0.06%,6250,52.70169995,96.15384615
94,1.90E-06,67,0.06%,6250,52.03476755,93.28358209
94,2.00E-06,69,0.06%,6250,51.52599383,90.57971014
94,2.10E-06,69,0.06%,6250,50.93433952,90.57971014
94,2.20E-06,70,0.06%,6250,50.2690399,89.28571429
94,2.30E-06,72,0.06%,6250,49.74609593,86.80555556
94,2.40E-06,75,0.06%,6250,49.27700774,83.33333333
94,2.50E-06,75,0.06%,6250,48.82621773,83.33333333
94,2.60E-06,75,0.06%,6250,48.44435488,83.33333333
94,2.70E-06,76,0.06%,6250,48.0772929,82.23684211
94,2.80E-06,76,0.06%,6250,47.69499622,82.23684211
94,2.90E-06,77,0.06%,6250,47.20258595,81.16883117
94,3.00E-06,77,0.06%,6250,46.87335943,81.16883117
94,3.10E-06,77,0.06%,6250,46.69580485,81.16883117
94,3.20E-06,78,0.06%,6250,46.45493128,80.12820513
94,3.30E-06,79,0.06%,6250,46.12205741,79.11392405
94,3.40E-06,79,0.06%,6250,45.81036707,79.11392405
94,3.50E-06,79,0.06%,6250,44.87718013,79.11392405
94,3.60E-06,83,0.06%,6250,44.58012654,75.30120482
94,3.70E-06,83,0.06%,6250,44.34542604,75.30120482
94,3.80E-06,81,0.06%,6250,43.64921396,77.16049383
94,3.90E-06,81,0.06%,6250,43.31584528,77.16049383
94,4.00E-06,83,0.06%,6250,41.78226426,75.30120482
94,4.10E-06,85,0.06%,6250,41.52327296,73.52941176
94,4.20E-06,82,0.05%,6250,39.96700324,76.2195122
94,4.30E-06,80,0.05%,6250,39.4533346,78.125
94,4.40E-06,84,0.05%,6240.261,38.85592154,74.28882143
94,4.50E-06,83,0.05%,6000.084,38.18304696,72.29016867
94,4.60E-06,83,0.05%,5854.35,37.78999212,70.53433735
94,4.70E-06,82,0.05%,5645.366,37.3207859,68.84592683
94,4.80E-06,68,0.05%,4455.024,33.31083213,65.51505882
94,4.90E-06,66,0.05%,3915.818,31.60389982,59.33057576
96,1.00E-06,54,0.05%,6250,62.28697853,115.7407407
96,1.10E-06,56,0.05%,6250,60.54148302,111.6071429
96,1.20E-06,60,0.06%,6250,59.0134834,104.1666667
96,1.30E-06,62,0.06%,6250,57.6967459,100.8064516
96,1.40E-06,63,0.06%,6250,56.52630056,99.20634921
96,1.50E-06,64,0.06%,6250,55.11755472,97.65625
96,1.60E-06,62,0.05%,6250,54.51326199,100.8064516
96,1.70E-06,64,0.06%,6250,53.62183309,97.65625
96,1.80E-06,65,0.06%,6250,53.06098193,96.15384615
96,1.90E-06,67,0.06%,6250,52.30256827,93.28358209
96,2.00E-06,68,0.06%,6250,51.59362385,91.91176471
96,2.10E-06,69,0.06%,6250,51.20222832,90.57971014
96,2.20E-06,70,0.06%,6250,50.37925503,89.28571429
96,2.30E-06,71,0.06%,6250,50.02561311,88.02816901
96,2.40E-06,75,0.06%,6250,49.37822934,83.33333333
96,2.50E-06,75,0.06%,6250,48.98157509,83.33333333
96,2.60E-06,75,0.06%,6250,48.66312659,83.33333333
96,2.70E-06,76,0.06%,6250,48.0835808,82.23684211
96,2.80E-06,76,0.06%,6250,47.71538726,82.23684211
96,2.90E-06,77,0.06%,6250,47.29831996,81.16883117
96,3.00E-06,77,0.06%,6250,46.96740838,81.16883117
96,3.10E-06,76,0.06%,6250,46.7513427,82.23684211
96,3.20E-06,78,0.06%,6250,46.48499093,80.12820513
96,3.30E-06,79,0.06%,6250,46.18818174,79.11392405
96,3.40E-06,80,0.06%,6250,45.9673742,78.125
96,3.50E-06,79,0.06%,6250,45.27246782,79.11392405
96,3.60E-06,81,0.06%,6250,44.72527944,77.16049383
96,3.70E-06,83,0.06%,6250,44.45013406,75.30120482
96,3.80E-06,82,0.06%,6250,43.66995298,76.2195122
96,3.90E-06,81,0.06%,6250,43.45286928,77.16049383
96,4.00E-06,82,0.06%,6250,42.55724801,76.2195122
96,4.10E-06,85,0.06%,6250,41.55557476,73.52941176
96,4.20E-06,86,0.06%,6250,41.3578613,72.6744186
96,4.30E-06,79,0.05%,6250,39.59129118,79.11392405
96,4.40E-06,84,0.05%,6244.71,38.87224785,74.34178571
96,4.50E-06,84,0.05%,6175.812,38.71157245,73.52157143
96,4.60E-06,83,0.05%,5861.381,37.81462939,70.61904819
96,4.70E-06,82,0.05%,5655.51,37.35821014,68.96963415
96,4.80E-06,70,0.05%,4788.482,34.55865648,68.40688571
96,4.90E-06,66,0.05%,3921.447,31.63401176,59.41586364
98,1.00E-06,54,0.05%,6250,62.40888303,115.7407407
98,1.10E-06,58,0.06%,6250,60.93340223,107.7586207
98,1.20E-06,59,0.06%,6250,59.50510792,105.9322034
98,1.30E-06,61,0.06%,6250,58.2946257,102.4590164
98,1.40E-06,63,0.06%,6250,56.82128116,99.20634921
98,1.50E-06,63,0.06%,6250,55.79510253,99.20634921
98,1.60E-06,63,0.06%,6250,54.65006471,99.20634921
98,1.70E-06,63,0.05%,6250,53.68585614,99.20634921
98,1.80E-06,65,0.06%,6250,53.19148936,96.15384615
98,1.90E-06,67,0.06%,6250,52.42057235,93.28358209
98,2.00E-06,68,0.06%,6250,51.72684913,91.91176471
98,2.10E-06,68,0.06%,6250,51.27826458,91.91176471
98,2.20E-06,70,0.06%,6250,50.59172077,89.28571429
98,2.30E-06,71,0.06%,6250,50.1299368,88.02816901
98,2.40E-06,75,0.06%,6250,49.47007654,83.33333333
98,2.50E-06,74,0.06%,6250,49.06193579,84.45945946
98,2.60E-06,75,0.06%,6250,48.67297988,83.33333333
98,2.70E-06,76,0.06%,6250,48.27596861,82.23684211
98,2.80E-06,76,0.06%,6250,47.89859293,82.23684211
98,2.90E-06,76,0.06%,6250,47.49709318,82.23684211
98,3.00E-06,77,0.06%,6250,47.04447773,81.16883117
98,3.10E-06,76,0.06%,6250,46.76918472,82.23684211
98,3.20E-06,77,0.06%,6250,46.57401543,81.16883117
98,3.30E-06,79,0.06%,6250,46.26271299,79.11392405
98,3.40E-06,80,0.06%,6250,45.98766795,78.125
98,3.50E-06,80,0.06%,6250,45.75335647,78.125
98,3.60E-06,81,0.06%,6250,44.7743017,77.16049383
98,3.70E-06,83,0.06%,6250,44.57885464,75.30120482
98,3.80E-06,82,0.06%,6250,43.70537681,76.2195122
98,3.90E-06,81,0.06%,6250,43.50610478,77.16049383
98,4.00E-06,81,0.06%,6250,43.27385774,77.16049383
98,4.10E-06,85,0.06%,6250,41.57050024,73.52941176
98,4.20E-06,86,0.06%,6250,41.43545682,72.6744186
98,4.30E-06,79,0.05%,6250,39.61111393,79.11392405
98,4.40E-06,85,0.05%,6250,39.01202819,73.52941176
98,4.50E-06,84,0.05%,6211.496,38.80511529,73.94638095
98,4.60E-06,83,0.05%,5864.187,37.82931549,70.65285542
98,4.70E-06,82,0.05%,5658.376,37.36874917,69.00458537
98,4.80E-06,81,0.05%,5501.967,36.99721611,67.92551852
98,4.90E-06,68,0.05%,4129.425,32.45382741,60.72683824