constant, lambda, clicks, CTR, spend, CPM, CPC
30,2e-06,65,0.043%,5362.948,35416.29574841837,82506.89230769231
30,2.1e-06,63,0.043%,4944.24,34022.88726336868,78480.0
30,2.2e-06,61,0.043%,4783.629,33514.292319979824,78420.14754098361
30,2.3e-06,60,0.044%,4395.504,32308.71684050365,73258.4
30,2.4e-06,58,0.044%,4208.133,31590.692751186114,72554.0172413793
30,2.4999999999999998e-06,58,0.044%,4137.922,31351.69414474482,71343.4827586207
30,2.5999999999999997e-06,56,0.044%,3837.939,30328.170561135386,68534.625
30,2.7e-06,56,0.045%,3734.916,29962.9846531516,66694.92857142857
30,2.8e-06,56,0.048%,3385.487,28749.040421195652,60455.125
30,2.8999999999999998e-06,54,0.047%,3174.753,27906.236540236452,58791.72222222222
30,3e-06,51,0.046%,3022.899,27229.64464261586,59272.529411764706
30,3.1e-06,45,0.043%,2694.895,25789.70285659601,59886.555555555555
30,3.2e-06,43,0.042%,2627.769,25467.566703172095,61110.90697674418
30,3.2999999999999997e-06,43,0.042%,2544.162,25062.425502152433,59166.558139534885
30,3.3999999999999996e-06,43,0.043%,2481.05,24762.21368331753,57698.83720930233
30,3.5e-06,43,0.044%,2390.985,24297.640339823585,55604.3023255814
30,3.6e-06,43,0.044%,2341.76,24051.10613561202,54459.53488372093
30,3.6999999999999997e-06,41,0.043%,2296.982,23825.14262006016,56023.95121951219
30,3.8e-06,40,0.042%,2258.974,23626.46948081831,56474.35
30,3.9e-06,38,0.040%,2208.509,23372.4442280828,58118.65789473684
30,4e-06,38,0.041%,2149.936,23078.135231163924,56577.26315789474
30,4.1e-06,38,0.041%,2140.949,23021.452074238154,56340.76315789474
30,4.2e-06,37,0.041%,2066.373,22650.147977638935,55847.91891891892
30,4.2999999999999995e-06,37,0.041%,2020.267,22404.841911479303,54601.81081081081
30,4.4e-06,37,0.041%,1994.272,22258.9905574034,53899.24324324324
30,4.5e-06,37,0.042%,1967.139,22110.63528459671,53165.91891891892
30,4.6e-06,37,0.042%,1934.722,21950.057861178553,52289.78378378379
30,4.7e-06,37,0.042%,1891.631,21713.434651851512,51125.16216216216
30,4.8e-06,37,0.043%,1866.119,21572.133724828338,50435.64864864865
30,4.9e-06,37,0.043%,1848.469,21470.85675788691,49958.62162162162
31,2e-06,77,0.047%,6170.153,37861.132246821464,80131.85714285714
31,2.1e-06,63,0.043%,5048.367,34363.671635695326,80132.80952380953
31,2.2e-06,62,0.043%,4878.987,33820.085538218395,78693.33870967742
31,2.3e-06,61,0.043%,4755.156,33426.98674914766,77953.37704918033
31,2.4e-06,60,0.044%,4397.481,32320.397768615087,73291.35
31,2.4999999999999998e-06,59,0.044%,4212.055,31614.202187145827,71390.7627118644
31,2.5999999999999997e-06,58,0.044%,4140.606,31367.27674918942,71389.75862068965
31,2.7e-06,57,0.045%,3838.652,30339.79861209908,67344.77192982456
31,2.8e-06,56,0.045%,3736.971,29976.34441378425,66731.625
31,2.8999999999999998e-06,56,0.048%,3387.94,28765.96250509442,60498.92857142857
31,3e-06,54,0.047%,3180.097,27935.285229888086,58890.68518518518
31,3.1e-06,51,0.046%,3027.666,27263.98919405673,59366.0
31,3.2e-06,45,0.043%,2657.685,25636.750364146737,59059.666666666664
31,3.2999999999999997e-06,44,0.043%,2630.025,25485.232271943252,59773.295454545456
31,3.3999999999999996e-06,43,0.042%,2548.805,25099.75676287827,59274.53488372093
31,3.5e-06,43,0.043%,2486.945,24800.751917189384,57835.93023255814
31,3.6e-06,43,0.044%,2395.901,24337.457463558334,55718.62790697674
31,3.6999999999999997e-06,43,0.044%,2346.257,24087.644371438837,54564.11627906977
31,3.8e-06,42,0.044%,2303.291,23868.547860599592,54840.26190476191
31,3.9e-06,41,0.043%,2262.421,23655.34655639318,55181.0
31,4e-06,38,0.040%,2213.383,23412.62772641689,58246.92105263158
31,4.1e-06,38,0.041%,2153.541,23110.13456957054,56672.13157894737
31,4.2e-06,38,0.041%,2144.587,23053.38235136036,56436.5
31,4.2999999999999995e-06,37,0.041%,2070.077,22682.295319074336,55948.02702702703
31,4.4e-06,37,0.041%,2061.889,22628.529724865286,55726.72972972973
31,4.5e-06,37,0.041%,1999.581,22306.296155819815,54042.72972972973
31,4.6e-06,37,0.042%,1971.821,22153.798620317728,53292.45945945946
31,4.7e-06,37,0.042%,1937.903,21978.91597010355,52375.75675675676
31,4.8e-06,37,0.042%,1895.435,21748.362075889527,51227.97297297297
31,4.9e-06,37,0.043%,1871.143,21619.71391597726,50571.43243243243
32,2e-06,79,0.049%,6250.0,38396.08789939611,79113.92405063291
32,2.1e-06,77,0.047%,6171.364,37867.168996281616,80147.58441558441
32,2.2e-06,63,0.043%,5013.674,34269.346967232166,79582.12698412698
32,2.3e-06,61,0.043%,4835.651,33691.811936513244,79272.96721311475
32,2.4e-06,61,0.043%,4756.476,33434.385609750956,77975.01639344262
32,2.4999999999999998e-06,60,0.044%,4396.782,32325.71407565342,73279.7
32,2.5999999999999997e-06,59,0.044%,4211.245,31621.65104823692,71377.03389830509
32,2.7e-06,58,0.044%,4121.271,31306.89526819152,71056.39655172414
32,2.8e-06,57,0.045%,3842.782,30365.481110382378,67417.22807017544
32,2.8999999999999998e-06,56,0.045%,3736.188,29979.682886121453,66717.64285714286
32,3e-06,56,0.048%,3374.16,28723.589001447177,60252.857142857145
32,3.1e-06,54,0.047%,3184.338,27964.67901993501,58969.22222222222
32,3.2e-06,51,0.046%,3029.005,27273.345278720702,59392.25490196078
32,3.2999999999999997e-06,45,0.043%,2660.256,25657.34346668724,59116.8
32,3.3999999999999996e-06,44,0.043%,2634.069,25517.24839431544,59865.204545454544
32,3.5e-06,44,0.043%,2551.716,25122.238412160834,57993.545454545456
32,3.6e-06,43,0.043%,2492.156,24842.8082976963,57957.11627906977
32,3.6999999999999997e-06,43,0.044%,2397.588,24350.88360755637,55757.86046511628
32,3.8e-06,43,0.044%,2350.906,24125.2180694949,54672.232558139534
32,3.9e-06,42,0.044%,2308.01,23908.0352610916,54952.619047619046
32,4e-06,42,0.044%,2265.837,23684.377221223396,53948.5
32,4.1e-06,39,0.041%,2216.743,23440.978353971255,56839.5641025641
32,4.2e-06,38,0.041%,2157.432,23141.459647316256,56774.52631578947
32,4.2999999999999995e-06,38,0.041%,2147.742,23081.342489602477,56519.52631578947
32,4.4e-06,37,0.040%,2077.386,22735.476951363657,56145.56756756757
32,4.5e-06,37,0.041%,2066.982,22673.723700664752,55864.37837837838
32,4.6e-06,37,0.041%,2004.027,22343.18174216494,54162.89189189189
32,4.7e-06,37,0.042%,1975.708,22187.996945330397,53397.51351351351
32,4.8e-06,37,0.042%,1941.649,22014.160997732426,52477.0
32,4.9e-06,37,0.042%,1899.668,21787.93196389453,51342.37837837838
33,2e-06,72,0.045%,6250.0,39447.85624570019,86805.55555555556
33,2.1e-06,79,0.049%,6250.0,38399.154604212235,79113.92405063291
33,2.2e-06,77,0.047%,6151.714,37824.3471738021,79892.38961038961
33,2.3e-06,63,0.043%,4973.641,34152.350804430374,78946.68253968254
33,2.4e-06,61,0.042%,4838.452,33707.33508426046,79318.88524590163
33,2.4999999999999998e-06,61,0.043%,4747.557,33409.50162559288,77828.80327868853
33,2.5999999999999997e-06,60,0.044%,4377.721,32276.937255769375,72962.01666666666
33,2.7e-06,59,0.044%,4187.123,31554.014031967567,70968.18644067796
33,2.8e-06,57,0.044%,3993.72,30922.873225913852,70065.26315789473
33,2.8999999999999998e-06,57,0.045%,3778.474,30161.4368389543,66289.01754385965
33,3e-06,57,0.046%,3735.941,29988.77008781647,65542.82456140351
33,3.1e-06,56,0.048%,3376.039,28736.649018573058,60286.41071428572
33,3.2e-06,54,0.047%,3187.898,27990.04337366323,59035.148148148146
33,3.2999999999999997e-06,51,0.046%,3032.364,27297.93669655396,59458.117647058825
33,3.3999999999999996e-06,45,0.043%,2662.928,25677.91331179789,59176.177777777775
33,3.5e-06,44,0.043%,2638.469,25549.97240163847,59965.204545454544
33,3.6e-06,44,0.043%,2555.611,25153.899152550715,58082.068181818184
33,3.6999999999999997e-06,44,0.044%,2494.789,24863.85018637007,56699.75
33,3.8e-06,43,0.044%,2365.054,24220.447120751276,55001.25581395349
33,3.9e-06,43,0.044%,2353.129,24143.07553403238,54723.93023255814
33,4e-06,42,0.043%,2311.564,23937.65921752998,55037.23809523809
33,4.1e-06,42,0.044%,2270.848,23726.835792201276,54067.80952380953
33,4.2e-06,40,0.042%,2220.562,23473.91566328742,55514.05
33,4.2999999999999995e-06,39,0.042%,2160.743,23170.015870292526,55403.666666666664
33,4.4e-06,38,0.041%,2150.852,23107.81164387241,56601.36842105263
33,4.5e-06,37,0.040%,2080.652,22764.992286398898,56233.83783783784
33,4.6e-06,37,0.041%,2069.649,22697.501754693807,55936.45945945946
33,4.7e-06,37,0.041%,2008.207,22381.051622681884,54275.86486486487
33,4.8e-06,37,0.042%,1979.311,22220.474650859942,53494.89189189189
33,4.9e-06,37,0.042%,1944.722,22041.005530873153,52560.05405405405
34,2e-06,73,0.047%,6250.0,39816.77910925087,85616.43835616438
34,2.1e-06,72,0.045%,6250.0,39331.18113110184,86805.55555555556
34,2.2e-06,77,0.047%,6207.752,37975.3346220667,80620.15584415584
34,2.3e-06,77,0.047%,6131.312,37776.71529968454,79627.42857142857
34,2.4e-06,63,0.043%,4969.53,34143.58149888697,78881.42857142857
34,2.4999999999999998e-06,61,0.043%,4804.887,33621.06316430276,78768.6393442623
34,2.5999999999999997e-06,60,0.044%,4492.399,32684.82895100621,74873.31666666667
34,2.7e-06,60,0.044%,4337.333,32147.442929143195,72288.88333333333
34,2.8e-06,59,0.045%,4156.351,31460.337284466445,70446.62711864407
34,2.8999999999999998e-06,58,0.046%,3881.788,30545.05681281672,66927.37931034483
34,3e-06,57,0.046%,3760.852,30108.49411576335,65979.85964912281
34,3.1e-06,57,0.048%,3426.024,28954.599235996076,60105.68421052631
34,3.2e-06,56,0.048%,3339.419,28596.05751034004,59632.482142857145
34,3.2999999999999997e-06,54,0.047%,3184.165,27980.606156468864,58966.01851851852
34,3.3999999999999996e-06,51,0.046%,3034.415,27312.71208561733,59498.333333333336
34,3.5e-06,45,0.043%,2665.983,25701.91946166379,59244.066666666666
34,3.6e-06,44,0.043%,2573.803,25262.588092106555,58495.52272727273
34,3.6999999999999997e-06,44,0.043%,2558.507,25177.199370202714,58147.88636363636
34,3.8e-06,44,0.044%,2497.763,24888.777065874827,56767.34090909091
34,3.9e-06,44,0.045%,2367.526,24241.046013965966,53807.40909090909
34,4e-06,43,0.044%,2357.446,24179.67732340482,54824.32558139535
34,4.1e-06,42,0.043%,2313.738,23954.962883203745,55089.0
34,4.2e-06,41,0.043%,2235.66,23574.70500775047,54528.29268292683
34,4.2999999999999995e-06,40,0.042%,2225.025,23512.14692549111,55625.625
34,4.4e-06,40,0.043%,2166.109,23217.59775338707,54152.725
34,4.5e-06,40,0.043%,2156.303,23152.693967831296,53907.575
34,4.6e-06,37,0.040%,2083.166,22787.013640490488,56301.78378378379
34,4.7e-06,37,0.041%,2072.595,22724.078195752518,56016.08108108108
34,4.8e-06,37,0.041%,2011.451,22411.210892236384,54363.54054054054
34,4.9e-06,37,0.042%,1983.447,22258.41095275502,53606.67567567567
35,2e-06,74,0.047%,6250.0,40025.61639449247,84459.45945945945
35,2.1e-06,72,0.046%,6250.0,39552.456049310844,86805.55555555556
35,2.2e-06,72,0.045%,6250.0,39281.49433089474,86805.55555555556
35,2.3e-06,77,0.047%,6181.019,37912.22130217438,80272.97402597402
35,2.4e-06,76,0.047%,6047.494,37569.30837614695,79572.28947368421
35,2.4999999999999998e-06,63,0.043%,4931.625,34037.96778156619,78279.76190476191
35,2.5999999999999997e-06,61,0.043%,4784.33,33562.23386717736,78431.6393442623
35,2.7e-06,60,0.044%,4466.223,32607.546233089237,74437.05
35,2.8e-06,59,0.044%,4228.305,31708.32395950506,71666.18644067796
35,2.8999999999999998e-06,59,0.045%,4157.646,31468.233905027173,70468.57627118644
35,3e-06,58,0.046%,3885.989,30571.377997356663,66999.81034482758
35,3.1e-06,57,0.046%,3763.472,30125.369215621922,66025.82456140351
35,3.2e-06,57,0.048%,3403.869,28873.753053745928,59717.0
35,3.2999999999999997e-06,55,0.047%,3299.52,28463.031495044124,59991.27272727273
35,3.3999999999999996e-06,54,0.048%,3161.784,27905.562959497984,58551.555555555555
35,3.5e-06,48,0.044%,2991.127,27144.68382459707,62315.145833333336
35,3.6e-06,45,0.043%,2668.752,25723.158777433997,59305.6
35,3.6999999999999997e-06,44,0.043%,2577.044,25288.442289953487,58569.181818181816
35,3.8e-06,44,0.043%,2561.846,25202.368889632173,58223.77272727273
35,3.9e-06,44,0.044%,2497.634,24899.152626856743,56764.40909090909
35,4e-06,44,0.045%,2371.475,24274.271968882746,53897.15909090909
35,4.1e-06,44,0.045%,2360.692,24206.267175259425,53652.09090909091
35,4.2e-06,42,0.043%,2319.174,24001.055594651654,55218.42857142857
35,4.2999999999999995e-06,41,0.043%,2238.395,23597.82196171038,54595.0
35,4.4e-06,40,0.042%,2227.343,23532.165534437037,55683.575
35,4.5e-06,40,0.043%,2168.343,23237.308842283495,54208.575
35,4.6e-06,40,0.043%,2160.171,23187.005570881145,54004.275
35,4.7e-06,39,0.043%,2087.988,22829.521102121143,53538.153846153844
35,4.8e-06,37,0.041%,2036.955,22554.893645292377,55052.83783783784
35,4.9e-06,37,0.041%,2014.084,22434.798106377057,54434.7027027027
36,2e-06,78,0.052%,6250.0,41844.92605164668,80128.20512820513
36,2.1e-06,73,0.047%,6250.0,39860.202298498705,85616.43835616438
36,2.2e-06,73,0.046%,6250.0,39509.700421647525,85616.43835616438
36,2.3e-06,79,0.048%,6250.0,38317.6997118509,79113.92405063291
36,2.4e-06,77,0.047%,6164.041,37875.455467141845,80052.48051948052
36,2.4999999999999998e-06,65,0.043%,5301.352,35288.7078307639,81559.26153846153
36,2.5999999999999997e-06,62,0.043%,4881.652,33890.47638883103,78736.32258064517
36,2.7e-06,61,0.043%,4786.322,33573.14609578856,78464.29508196721
36,2.8e-06,60,0.044%,4466.465,32614.07531270765,74441.08333333333
36,2.8999999999999998e-06,59,0.044%,4226.362,31709.923320478385,71633.25423728813
36,3e-06,59,0.045%,4139.723,31416.278363815738,70164.79661016949
36,3.1e-06,58,0.046%,3871.752,30519.639605552533,66754.3448275862
36,3.2e-06,58,0.046%,3764.269,30137.297444437325,64901.18965517241
36,3.2999999999999997e-06,57,0.048%,3406.497,28892.124100963498,59763.10526315789
36,3.3999999999999996e-06,55,0.048%,3200.07,28075.2224035374,58183.09090909091
36,3.5e-06,51,0.045%,3120.154,27747.280989604176,61179.490196078434
36,3.6e-06,48,0.044%,2994.336,27167.642015297093,62382.0
36,3.6999999999999997e-06,45,0.043%,2668.665,25733.9781296407,59303.666666666664
36,3.8e-06,44,0.043%,2578.808,25302.772817362977,58609.27272727273
36,3.9e-06,44,0.044%,2507.463,24965.03350292217,56987.795454545456
36,4e-06,44,0.044%,2500.365,24921.409349147812,56826.47727272727
36,4.1e-06,44,0.045%,2374.737,24301.691585055105,53971.295454545456
36,4.2e-06,43,0.044%,2325.984,24057.589673575774,54092.651162790695
36,4.2999999999999995e-06,43,0.045%,2319.61,24014.763280222796,53944.41860465116
36,4.4e-06,41,0.043%,2243.73,23643.097997892517,54725.12195121951
36,4.5e-06,40,0.042%,2231.632,23569.26196611888,55790.8
36,4.6e-06,40,0.043%,2171.637,23265.378929099443,54290.925
36,4.7e-06,39,0.042%,2144.646,23118.63054750073,54990.92307692308
36,4.8e-06,39,0.043%,2092.439,22868.185792349726,53652.282051282054
36,4.9e-06,39,0.043%,2024.577,22515.313612099642,51912.230769230766
37,2e-06,78,0.052%,6250.0,41971.378877315976,80128.20512820513
37,2.1e-06,79,0.051%,6250.0,40347.57010793782,79113.92405063291
37,2.2e-06,74,0.047%,6250.0,39818.04745037078,84459.45945945945
37,2.3e-06,73,0.046%,6250.0,39386.205375429316,85616.43835616438
37,2.4e-06,79,0.048%,6250.0,38316.76005738318,79113.92405063291
37,2.4999999999999998e-06,77,0.047%,6141.233,37821.06345765384,79756.27272727272
37,2.5999999999999997e-06,63,0.043%,4951.692,34123.242736644796,78598.28571428571
37,2.7e-06,62,0.043%,4847.011,33798.98470785945,78177.59677419355
37,2.8e-06,60,0.044%,4530.899,32850.93131674921,75514.98333333334
37,2.8999999999999998e-06,60,0.044%,4415.924,32452.848491974833,73598.73333333334
37,3e-06,59,0.044%,4204.442,31650.42155977115,71261.72881355933
37,3.1e-06,58,0.045%,4013.978,31035.272468608895,69206.5172413793
37,3.2e-06,58,0.046%,3801.431,30292.70061359471,65541.91379310345
37,3.2999999999999997e-06,58,0.049%,3449.461,29089.982205955523,59473.46551724138
37,3.3999999999999996e-06,57,0.048%,3392.714,28850.590156127757,59521.29824561404
37,3.5e-06,55,0.048%,3201.755,28087.541230963576,58213.72727272727
37,3.6e-06,52,0.046%,3119.338,27750.142338623587,59987.269230769234
37,3.6999999999999997e-06,48,0.044%,2954.702,27025.042988329125,61556.291666666664
37,3.8e-06,45,0.043%,2669.9,25743.901263137595,59331.11111111111
37,3.9e-06,44,0.043%,2582.173,25330.07327768023,58685.75
37,4e-06,44,0.044%,2510.067,24986.48177827329,57046.97727272727
37,4.1e-06,44,0.045%,2416.796,24527.533643209452,54927.181818181816
37,4.2e-06,44,0.045%,2377.369,24323.896539728663,54031.11363636364
37,4.2999999999999995e-06,43,0.044%,2328.416,24078.261049409528,54149.20930232558
37,4.4e-06,43,0.045%,2319.334,24022.600157434645,53938.0
37,4.5e-06,42,0.044%,2246.482,23667.109144542774,53487.666666666664
37,4.6e-06,40,0.042%,2210.992,23486.461509045133,55274.8
37,4.7e-06,40,0.043%,2175.541,23299.715118022534,54388.525
37,4.8e-06,39,0.043%,2098.629,22922.057779476818,53811.0
37,4.9e-06,39,0.043%,2087.258,22853.27318712842,53519.4358974359
38,2e-06,81,0.055%,6250.0,42126.12223989647,77160.49382716049
38,2.1e-06,78,0.052%,6250.0,41870.99713267412,80128.20512820513
38,2.2e-06,74,0.047%,6250.0,39923.34717342702,84459.45945945945
38,2.3e-06,73,0.046%,6250.0,39702.45392927246,85616.43835616438
38,2.4e-06,73,0.046%,6250.0,39280.259941048185,85616.43835616438
38,2.4999999999999998e-06,79,0.048%,6250.0,38228.871667206964,79113.92405063291
38,2.5999999999999997e-06,77,0.048%,6099.728,37731.365441476664,79217.24675324676
38,2.7e-06,63,0.043%,4947.263,34111.99751775495,78527.98412698413
38,2.8e-06,62,0.043%,4830.471,33755.20429341104,77910.82258064517
38,2.8999999999999998e-06,60,0.044%,4487.124,32712.853674717677,74785.4
38,3e-06,60,0.044%,4353.956,32244.838107651743,72565.93333333333
38,3.1e-06,59,0.045%,4170.854,31545.758455860105,70692.44067796611
38,3.2e-06,58,0.046%,3899.018,30651.9343097254,67224.44827586207
38,3.2999999999999997e-06,58,0.046%,3776.948,30208.575610458374,65119.793103448275
38,3.3999999999999996e-06,58,0.049%,3449.123,29094.73799642339,59467.637931034486
38,3.5e-06,55,0.047%,3351.781,28713.225908697626,60941.472727272725
38,3.6e-06,55,0.048%,3199.047,28086.453028972785,58164.490909090906
38,3.6999999999999997e-06,52,0.046%,3121.939,27769.081609962195,60037.28846153846
38,3.8e-06,45,0.043%,2681.885,25824.602792489168,59597.444444444445
38,3.9e-06,44,0.043%,2629.775,25572.513516667314,59767.61363636364
38,4e-06,44,0.043%,2582.365,25339.165162100635,58690.11363636364
38,4.1e-06,44,0.044%,2513.111,25011.056926751593,57116.15909090909
38,4.2e-06,44,0.045%,2387.075,24394.49991313501,54251.704545454544
38,4.2999999999999995e-06,44,0.045%,2376.75,24326.274525858982,54017.045454545456
38,4.4e-06,43,0.044%,2331.92,24108.26346314886,54230.6976744186
38,4.5e-06,42,0.044%,2284.637,23878.643770185103,54396.119047619046
38,4.6e-06,42,0.044%,2249.888,23696.251592993984,53568.76190476191
38,4.7e-06,41,0.044%,2182.214,23357.173438369653,53224.73170731707
38,4.8e-06,40,0.043%,2175.495,23309.457736443408,54387.375
38,4.9e-06,39,0.043%,2101.44,22947.747747747748,53883.07692307692
39,2e-06,79,0.055%,6250.0,43612.359393753315,79113.92405063291
39,2.1e-06,81,0.055%,6250.0,42063.74845205406,77160.49382716049
39,2.2e-06,79,0.053%,6250.0,41692.23790591562,79113.92405063291
39,2.3e-06,74,0.047%,6250.0,39903.97507438101,84459.45945945945
39,2.4e-06,74,0.047%,6250.0,39445.6155409414,84459.45945945945
39,2.4999999999999998e-06,78,0.048%,6250.0,38599.78507639669,80128.20512820513
39,2.5999999999999997e-06,77,0.047%,6180.662,37953.09794289224,80268.33766233767
39,2.7e-06,76,0.047%,6023.282,37539.69747773463,79253.71052631579
39,2.8e-06,62,0.043%,4894.353,33952.95904988519,78941.17741935483
39,2.8999999999999998e-06,61,0.043%,4797.441,33634.62428313025,78646.5737704918
39,3e-06,60,0.044%,4459.497,32631.580102735214,74324.95
39,3.1e-06,60,0.045%,4331.005,32181.878301963905,72183.41666666667
39,3.2e-06,59,0.045%,4174.628,31568.811016417243,70756.40677966102
39,3.2999999999999997e-06,58,0.046%,3899.778,30656.703980881706,67237.55172413793
39,3.3999999999999996e-06,58,0.046%,3779.143,30222.505678001344,65157.637931034486
39,3.5e-06,58,0.049%,3422.968,28997.882109757546,59016.68965517241
39,3.6e-06,56,0.049%,3214.539,28177.44254132992,57402.482142857145
39,3.6999999999999997e-06,55,0.048%,3179.907,28026.679005817026,57816.490909090906
39,3.8e-06,49,0.044%,3033.664,27387.796004225085,61911.510204081635
39,3.9e-06,46,0.044%,2684.534,25845.879827086563,58359.434782608696
39,4e-06,44,0.043%,2592.48,25412.235215699344,58920.0
39,4.1e-06,44,0.044%,2547.964,25199.42242266002,57908.27272727273
39,4.2e-06,44,0.044%,2516.063,25035.45273631841,57183.25
39,4.2999999999999995e-06,44,0.045%,2388.58,24407.385835300367,54285.90909090909
39,4.4e-06,44,0.045%,2354.075,24230.844449934124,53501.704545454544
39,4.5e-06,43,0.044%,2332.743,24115.52536906091,54249.83720930233
39,4.6e-06,42,0.044%,2256.155,23748.25005526141,53717.97619047619
39,4.7e-06,42,0.044%,2248.21,23695.54906775999,53528.80952380953
39,4.8e-06,41,0.044%,2185.157,23383.41769307323,53296.51219512195
39,4.9e-06,41,0.044%,2175.987,23325.976030701284,53072.85365853659
40,2e-06,79,0.055%,6250.0,43841.18967452301,79113.92405063291
40,2.1e-06,79,0.055%,6250.0,43461.027627306044,79113.92405063291
40,2.2e-06,80,0.054%,6250.0,41956.44585268924,78125.0
40,2.3e-06,78,0.050%,6250.0,40282.81760584713,80128.20512820513
40,2.4e-06,74,0.047%,6250.0,39788.13613272049,84459.45945945945
40,2.4999999999999998e-06,74,0.047%,6250.0,39418.99554092323,84459.45945945945
40,2.5999999999999997e-06,80,0.049%,6250.0,38312.53218252704,78125.0
40,2.7e-06,77,0.048%,6123.739,37825.37447110781,79529.07792207792
40,2.8e-06,65,0.043%,5270.716,35242.42424242424,81087.93846153846
40,2.8999999999999998e-06,62,0.043%,4856.094,33848.63207053985,78324.09677419355
40,3e-06,60,0.043%,4543.704,32922.52847578472,75728.4
40,3.1e-06,60,0.044%,4458.042,32632.872661259626,74300.7
40,3.2e-06,60,0.045%,4328.968,32182.764363030805,72149.46666666666
40,3.2999999999999997e-06,58,0.045%,4029.84,31130.956059576045,69480.0
40,3.3999999999999996e-06,58,0.046%,3838.893,30473.451081563802,66187.81034482758
40,3.5e-06,58,0.049%,3465.877,29191.249052471994,59756.5
40,3.6e-06,58,0.049%,3424.2,29006.35324015248,59037.93103448276
40,3.6999999999999997e-06,56,0.049%,3216.216,28189.671493180944,57432.42857142857
40,3.8e-06,52,0.046%,3137.125,27869.94838446026,60329.32692307692
40,3.9e-06,49,0.045%,2969.663,27125.164413591523,60605.36734693877
40,4e-06,46,0.044%,2681.647,25837.238654976394,58296.67391304348
40,4.1e-06,45,0.044%,2594.529,25429.328916288505,57656.2
40,4.2e-06,44,0.044%,2522.299,25086.519334818586,57324.97727272727
40,4.2999999999999995e-06,44,0.044%,2477.88,24879.31242218563,56315.454545454544
40,4.4e-06,44,0.045%,2392.013,24436.223030402092,54363.931818181816
40,4.5e-06,43,0.044%,2338.128,24160.95398509915,54375.06976744186
40,4.6e-06,43,0.044%,2332.81,24126.69355672769,54251.395348837206
40,4.7e-06,42,0.044%,2257.809,23762.40843647386,53757.357142857145
40,4.8e-06,41,0.044%,2223.955,23598.342564886145,54242.80487804878
40,4.9e-06,41,0.044%,2187.369,23403.081367356765,53350.46341463415
41,2e-06,79,0.056%,6250.0,44118.78895689065,79113.92405063291
41,2.1e-06,79,0.055%,6250.0,43659.276024421255,79113.92405063291
41,2.2e-06,81,0.055%,6250.0,42091.51031073637,77160.49382716049
41,2.3e-06,81,0.054%,6250.0,41751.56150840042,77160.49382716049
41,2.4e-06,74,0.047%,6250.0,39925.89753417657,84459.45945945945
41,2.4999999999999998e-06,73,0.046%,6250.0,39687.83139339214,85616.43835616438
41,2.5999999999999997e-06,74,0.046%,6250.0,39146.66533046049,84459.45945945945
41,2.7e-06,80,0.049%,6250.0,38263.27582618065,78125.0
41,2.8e-06,77,0.048%,6116.705,37811.354462227,79437.72727272728
41,2.8999999999999998e-06,62,0.043%,4915.871,34050.502181893746,79288.24193548386
41,3e-06,62,0.043%,4837.771,33795.11701012923,78028.56451612903
41,3.1e-06,60,0.044%,4515.878,32838.450239241414,75264.63333333333
41,3.2e-06,60,0.044%,4415.636,32499.933758261817,73593.93333333333
41,3.2999999999999997e-06,60,0.045%,4293.484,32071.081763449216,71558.06666666667
41,3.3999999999999996e-06,58,0.046%,3912.336,30733.197172034565,67454.06896551725
41,3.5e-06,58,0.046%,3803.854,30350.463971403722,65583.68965517242
41,3.6e-06,58,0.049%,3466.941,29198.980923906176,59774.84482758621
41,3.6999999999999997e-06,56,0.048%,3366.029,28804.68435780484,60107.66071428572
41,3.8e-06,56,0.049%,3190.161,28098.97562823144,56967.16071428572
41,3.9e-06,53,0.047%,3139.486,27886.959379635635,59235.58490566038
41,4e-06,46,0.044%,2693.839,25916.502313768124,58561.717391304344
41,4.1e-06,46,0.045%,2658.53,25748.723958585553,57794.13043478261
41,4.2e-06,45,0.044%,2593.323,25428.225442707822,57629.4
41,4.2999999999999995e-06,44,0.044%,2524.902,25108.163204423185,57384.13636363636
41,4.4e-06,44,0.045%,2432.701,24658.419153421994,55288.65909090909
41,4.5e-06,44,0.045%,2392.362,24447.530580336614,54371.86363636364
41,4.6e-06,43,0.044%,2340.762,24183.674101930967,54436.32558139535
41,4.7e-06,42,0.044%,2297.024,23975.03366072081,54691.04761904762
41,4.8e-06,42,0.044%,2260.114,23785.41585544248,53812.23809523809
41,4.9e-06,41,0.044%,2192.678,23449.596817316535,53479.95121951219
42,2e-06,77,0.055%,6250.0,44801.58275031541,81168.83116883117
42,2.1e-06,79,0.056%,6250.0,43923.14503773877,79113.92405063291
42,2.2e-06,79,0.055%,6250.0,43624.84033308438,79113.92405063291
42,2.3e-06,80,0.054%,6250.0,41993.657278004735,78125.0
42,2.4e-06,80,0.053%,6250.0,41678.892475126035,78125.0
42,2.4999999999999998e-06,74,0.047%,6250.0,39836.574437029536,84459.45945945945
42,2.5999999999999997e-06,74,0.047%,6250.0,39460.80752596521,84459.45945945945
42,2.7e-06,79,0.049%,6250.0,38629.368208957065,79113.92405063291
42,2.8e-06,78,0.048%,6137.342,37883.65791179285,78683.8717948718
42,2.8999999999999998e-06,77,0.048%,6041.162,37641.51484186127,78456.64935064936
42,3e-06,62,0.043%,4877.055,33947.176088984175,78662.17741935483
42,3.1e-06,61,0.044%,4580.861,33081.01881941737,75096.08196721312
42,3.2e-06,60,0.044%,4472.299,32699.654161396225,74538.31666666667
42,3.2999999999999997e-06,60,0.045%,4337.932,32235.50568477372,72298.86666666667
42,3.3999999999999996e-06,58,0.045%,4037.692,31179.32957011251,69615.37931034483
42,3.5e-06,58,0.046%,3851.048,30543.510675422734,66397.37931034483
42,3.6e-06,58,0.046%,3792.554,30309.152954151315,65388.862068965514
42,3.6999999999999997e-06,58,0.049%,3437.548,29090.34594814163,59268.06896551724
42,3.8e-06,56,0.049%,3265.037,28422.025296621607,58304.232142857145
42,3.9e-06,56,0.049%,3191.653,28109.14615350742,56993.80357142857
42,4e-06,50,0.045%,3054.637,27565.691750967846,61092.74
42,4.1e-06,46,0.044%,2698.884,25957.047367155566,58671.391304347824
42,4.2e-06,45,0.044%,2601.522,25485.628636924706,57811.6
42,4.2999999999999995e-06,45,0.044%,2558.925,25289.318680449862,56865.0
42,4.4e-06,45,0.045%,2527.292,25128.18167356029,56162.044444444444
42,4.5e-06,44,0.045%,2401.237,24514.175165640667,54573.568181818184
42,4.6e-06,44,0.045%,2375.09,24383.906205083982,53979.318181818184
42,4.7e-06,43,0.044%,2342.946,24202.737461907956,54487.11627906977
42,4.8e-06,42,0.044%,2265.243,23826.85571835786,53934.357142857145
42,4.9e-06,42,0.044%,2257.804,23778.873091100577,53757.23809523809
43,2e-06,76,0.055%,6250.0,45031.089464166056,82236.84210526316
43,2.1e-06,80,0.056%,6250.0,44136.85957416758,78125.0
43,2.2e-06,79,0.055%,6250.0,43678.498298285704,79113.92405063291
43,2.3e-06,81,0.055%,6250.0,42137.76690061555,77160.49382716049
43,2.4e-06,81,0.054%,6250.0,41776.95783535199,77160.49382716049
43,2.4999999999999998e-06,75,0.048%,6250.0,39974.16070252189,83333.33333333333
43,2.5999999999999997e-06,74,0.047%,6250.0,39821.0917987665,84459.45945945945
43,2.7e-06,74,0.046%,6250.0,39204.370816893635,84459.45945945945
43,2.8e-06,81,0.050%,6250.0,38310.41859495774,77160.49382716049
43,2.8999999999999998e-06,78,0.048%,6128.945,37863.6119331064,78576.21794871795
43,3e-06,65,0.043%,5283.717,35311.41066082122,81287.95384615385
43,3.1e-06,62,0.043%,4870.66,33928.40474515349,78559.03225806452
43,3.2e-06,60,0.044%,4522.543,32874.963654338215,75375.71666666666
43,3.2999999999999997e-06,60,0.044%,4434.312,32580.320931052724,73905.2
43,3.3999999999999996e-06,60,0.045%,4305.165,32134.332034573872,71752.75
43,3.5e-06,58,0.045%,4039.358,31190.026870926893,69644.10344827586
43,3.6e-06,58,0.046%,3850.986,30550.530332479193,66396.31034482758
43,3.6999999999999997e-06,58,0.049%,3477.184,29268.4864860315,59951.44827586207
43,3.8e-06,56,0.048%,3378.093,28888.638987471673,60323.08928571428
43,3.9e-06,56,0.049%,3225.919,28258.36997845092,57605.69642857143
43,4e-06,53,0.047%,3145.741,27930.85965940369,59353.6037735849
43,4.1e-06,50,0.045%,3052.507,27558.905049520145,61050.14
43,4.2e-06,47,0.045%,2671.989,25851.03665792707,56850.82978723404
43,4.2999999999999995e-06,45,0.044%,2605.64,25519.220410361882,57903.11111111111
43,4.4e-06,45,0.045%,2531.961,25166.597089694656,56265.8
43,4.5e-06,45,0.045%,2488.32,24966.838910349674,55296.0
43,4.6e-06,44,0.045%,2404.144,24538.842334112458,54639.63636363636
43,4.7e-06,43,0.044%,2355.006,24294.94295087379,54767.58139534884
43,4.8e-06,42,0.044%,2307.535,24064.396704557304,54941.30952380953
43,4.9e-06,42,0.044%,2267.94,23850.708283818316,53998.57142857143
44,2e-06,76,0.055%,6250.0,45166.13912616167,82236.84210526316
44,2.1e-06,77,0.055%,6250.0,44890.07318877533,81168.83116883117
44,2.2e-06,80,0.056%,6250.0,43937.03997919142,78125.0
44,2.3e-06,79,0.055%,6250.0,43607.49072032598,79113.92405063291
44,2.4e-06,80,0.054%,6250.0,42039.41615658841,78125.0
44,2.4999999999999998e-06,81,0.054%,6250.0,41747.09941153289,77160.49382716049
44,2.5999999999999997e-06,75,0.048%,6250.0,39878.00520647236,83333.33333333333
44,2.7e-06,73,0.046%,6250.0,39611.61602717674,85616.43835616438
44,2.8e-06,74,0.046%,6250.0,39135.14461218637,84459.45945945945
44,2.8999999999999998e-06,81,0.050%,6233.819,38197.88845451537,76960.72839506173
44,3e-06,78,0.049%,6055.698,37698.96596589742,77637.15384615384
44,3.1e-06,62,0.043%,4890.874,34018.265030743125,78885.06451612903
44,3.2e-06,61,0.044%,4599.141,33174.936703382315,75395.75409836066
44,3.2999999999999997e-06,60,0.044%,4492.17,32790.998145904196,74869.5
44,3.3999999999999996e-06,60,0.044%,4394.836,32463.203303318827,73247.26666666666
44,3.5e-06,59,0.045%,4176.926,31762.488118322497,70795.35593220338
44,3.6e-06,58,0.046%,3859.744,30597.192164696742,66547.31034482758
44,3.6999999999999997e-06,58,0.046%,3826.472,30469.180236493212,65973.6551724138
44,3.8e-06,58,0.049%,3455.745,29194.186075981448,59581.81034482759
44,3.9e-06,56,0.048%,3379.223,28896.572659951085,60343.267857142855
44,4e-06,56,0.049%,3202.037,28183.720172867543,57179.232142857145
44,4.1e-06,50,0.045%,3062.99,27627.109471538482,61259.8
44,4.2e-06,47,0.045%,2705.385,26008.815781883903,57561.382978723406
44,4.2999999999999995e-06,47,0.045%,2672.253,25855.592000232213,56856.44680851064
44,4.4e-06,45,0.044%,2569.193,25372.4903465371,57093.177777777775
44,4.5e-06,45,0.045%,2534.379,25186.87576399034,56319.53333333333
44,4.6e-06,45,0.046%,2409.138,24581.535824337287,53536.4
44,4.7e-06,45,0.046%,2382.844,24448.703610600947,52952.08888888889
44,4.8e-06,43,0.044%,2357.18,24313.85897594587,54818.13953488372
44,4.9e-06,42,0.044%,2310.189,24087.80380994088,55004.5
45,2e-06,75,0.054%,6250.0,45352.954835713455,83333.33333333333
45,2.1e-06,76,0.055%,6250.0,44983.12233250085,82236.84210526316
45,2.2e-06,80,0.057%,6250.0,44191.160353812105,78125.0
45,2.3e-06,80,0.056%,6250.0,43689.795461853566,78125.0
45,2.4e-06,83,0.057%,6250.0,42908.43682848296,75301.2048192771
45,2.4999999999999998e-06,81,0.054%,6250.0,41858.93872521114,77160.49382716049
45,2.5999999999999997e-06,80,0.052%,6250.0,40272.953972846364,78125.0
45,2.7e-06,74,0.047%,6250.0,39763.83463334563,84459.45945945945
45,2.8e-06,74,0.046%,6250.0,39252.87645078631,84459.45945945945
45,2.8999999999999998e-06,81,0.050%,6250.0,38346.85187684832,77160.49382716049
45,3e-06,81,0.050%,6225.748,38180.95290661662,76861.08641975309
45,3.1e-06,77,0.048%,5999.717,37543.283189827795,77918.4025974026
45,3.2e-06,62,0.043%,4883.788,33994.75160618948,78770.7741935484
45,3.2999999999999997e-06,61,0.044%,4596.128,33168.51532449538,75346.3606557377
45,3.3999999999999996e-06,60,0.044%,4481.619,32754.626381336606,74693.65
45,3.5e-06,60,0.045%,4344.988,32276.66639428898,72416.46666666666
45,3.6e-06,59,0.045%,4156.91,31698.98655604444,70456.10169491525
45,3.6999999999999997e-06,58,0.046%,3860.184,30607.959275910463,66554.89655172414
45,3.8e-06,58,0.049%,3493.793,29362.81274424937,60237.81034482759
45,3.9e-06,56,0.048%,3407.506,29028.9564928482,60848.32142857143
45,4e-06,56,0.049%,3240.089,28353.188771045538,57858.732142857145
45,4.1e-06,53,0.047%,3160.203,28026.419411483,59626.47169811321
45,4.2e-06,50,0.045%,3064.597,27638.861832611834,61291.94
45,4.2999999999999995e-06,47,0.045%,2677.547,25895.038684719537,56969.085106382976
45,4.4e-06,46,0.045%,2613.079,25579.04989379093,56806.065217391304
45,4.5e-06,46,0.046%,2551.405,25297.001725197802,55465.32608695652
45,4.6e-06,45,0.045%,2497.059,25040.20176089529,55490.2
45,4.7e-06,45,0.046%,2410.488,24593.55391631722,53566.4
45,4.8e-06,45,0.046%,2384.679,24465.523078659295,52992.86666666667
45,4.9e-06,42,0.044%,2318.484,24149.36566464596,55202.0
46,2e-06,75,0.056%,6250.0,46275.044053841935,83333.33333333333
46,2.1e-06,76,0.055%,6250.0,45120.489755844006,82236.84210526316
46,2.2e-06,77,0.055%,6250.0,44864.2944820507,81168.83116883117
46,2.3e-06,80,0.056%,6250.0,43990.540274219435,78125.0
46,2.4e-06,80,0.056%,6250.0,43630.9311887858,78125.0
46,2.4999999999999998e-06,80,0.054%,6250.0,42049.881251135346,78125.0
46,2.5999999999999997e-06,81,0.054%,6250.0,41739.01429143849,77160.49382716049
46,2.7e-06,76,0.049%,6250.0,39900.40858018387,82236.84210526316
46,2.8e-06,74,0.047%,6250.0,39658.36696362852,84459.45945945945
46,2.8999999999999998e-06,74,0.046%,6250.0,39221.83871979919,84459.45945945945
46,3e-06,81,0.050%,6240.066,38226.09515991693,77037.85185185185
46,3.1e-06,79,0.049%,6066.888,37751.236722731424,76796.0506329114
46,3.2e-06,64,0.044%,4902.277,34069.85245571239,76598.078125
46,3.2999999999999997e-06,61,0.044%,4611.329,33237.43864378437,75595.55737704918
46,3.3999999999999996e-06,61,0.044%,4540.2,33002.355130404445,74429.5081967213
46,3.5e-06,60,0.044%,4414.345,32559.44917316969,73572.41666666667
46,3.6e-06,59,0.045%,4182.625,31796.87856350063,70891.94915254238
46,3.6999999999999997e-06,58,0.046%,3871.483,30658.89796952707,66749.70689655172
46,3.8e-06,58,0.046%,3839.069,30535.689287645953,66190.8448275862
46,3.9e-06,58,0.049%,3464.199,29252.260924635844,59727.56896551724
46,4e-06,56,0.048%,3386.509,28947.490340889664,60473.375
46,4.1e-06,56,0.049%,3213.429,28259.862808899834,57382.66071428572
46,4.2e-06,53,0.047%,3119.178,27883.16378524306,58852.41509433962
46,4.2999999999999995e-06,47,0.045%,2785.923,26460.275247656406,59274.95744680851
46,4.4e-06,47,0.045%,2680.527,25919.597358267984,57032.48936170213
46,4.5e-06,46,0.045%,2576.206,25429.44288703755,56004.47826086957
46,4.6e-06,46,0.046%,2543.856,25264.236766312442,55301.217391304344
46,4.7e-06,45,0.045%,2500.018,25064.34472248957,55555.955555555556
46,4.8e-06,45,0.046%,2392.55,24532.68392719815,53167.77777777778
46,4.9e-06,44,0.045%,2364.019,24372.58621578432,53727.704545454544
47,2e-06,75,0.056%,6250.0,46393.20654997847,83333.33333333333
47,2.1e-06,76,0.055%,6250.0,45205.66770579429,82236.84210526316
47,2.2e-06,76,0.055%,6250.0,44993.484943380194,82236.84210526316
47,2.3e-06,80,0.056%,6250.0,44129.38028228682,78125.0
47,2.4e-06,80,0.056%,6250.0,43714.5475019759,78125.0
47,2.4999999999999998e-06,82,0.057%,6250.0,43382.5928213956,76219.51219512195
47,2.5999999999999997e-06,81,0.054%,6250.0,41876.60806174957,77160.49382716049
47,2.7e-06,80,0.052%,6250.0,40320.75970762611,78125.0
47,2.8e-06,75,0.048%,6250.0,39737.79413915222,83333.33333333333
47,2.8999999999999998e-06,74,0.047%,6250.0,39405.077895957984,84459.45945945945
47,3e-06,79,0.049%,6250.0,38623.63890296506,79113.92405063291
47,3.1e-06,81,0.050%,6231.066,38205.6004856125,76926.74074074074
47,3.2e-06,79,0.049%,6054.684,37720.83258053865,76641.56962025317
47,3.2999999999999997e-06,64,0.045%,4895.705,34049.73536141771,76495.390625
47,3.3999999999999996e-06,61,0.044%,4605.29,33221.68759873902,75496.55737704918
47,3.5e-06,60,0.044%,4508.687,32887.079127035075,75144.78333333334
47,3.6e-06,60,0.044%,4408.246,32542.066837439008,73470.76666666666
47,3.6999999999999997e-06,59,0.045%,4165.24,31749.918057154184,70597.28813559322
47,3.8e-06,58,0.046%,3865.731,30641.980690879693,66650.53448275862
47,3.9e-06,58,0.049%,3517.267,29483.281222495116,60642.53448275862
47,4e-06,56,0.048%,3417.987,29093.707972285116,61035.482142857145
47,4.1e-06,56,0.049%,3287.531,28575.54738498179,58705.91071428572
47,4.2e-06,53,0.047%,3166.919,28075.52304964539,59753.188679245286
47,4.2999999999999995e-06,50,0.045%,3074.466,27711.872656475338,61489.32
47,4.4e-06,47,0.045%,2714.826,26122.432091756713,57762.255319148935
47,4.5e-06,46,0.045%,2622.344,25651.91532652502,57007.47826086957
47,4.6e-06,46,0.045%,2579.752,25459.16766177501,56081.565217391304
47,4.7e-06,46,0.046%,2503.825,25095.467666279117,54430.97826086957
47,4.8e-06,45,0.046%,2419.099,24666.309789646486,53757.75555555556
47,4.9e-06,45,0.046%,2394.133,24546.902074169768,53202.955555555556
48,2e-06,75,0.056%,6250.0,46561.52453606097,83333.33333333333
48,2.1e-06,75,0.055%,6250.0,46188.181737562445,83333.33333333333
48,2.2e-06,76,0.055%,6250.0,45086.96373565333,82236.84210526316
48,2.3e-06,77,0.055%,6250.0,44871.05852621906,81168.83116883117
48,2.4e-06,80,0.056%,6250.0,44006.027065466886,78125.0
48,2.4999999999999998e-06,80,0.056%,6250.0,43605.36101750493,78125.0
48,2.5999999999999997e-06,81,0.055%,6250.0,42070.26070099151,77160.49382716049
48,2.7e-06,81,0.054%,6250.0,41692.23790591562,77160.49382716049
48,2.8e-06,76,0.049%,6250.0,39942.48282473239,82236.84210526316
48,2.8999999999999998e-06,74,0.047%,6250.0,39682.791636772294,84459.45945945945
48,3e-06,75,0.047%,6250.0,39223.56175043773,83333.33333333333
48,3.1e-06,81,0.050%,6250.0,38281.087305378955,77160.49382716049
48,3.2e-06,79,0.049%,6072.844,37775.369801321205,76871.44303797468
48,3.2999999999999997e-06,66,0.044%,5221.226,35190.10325398323,79109.48484848485
48,3.3999999999999996e-06,63,0.045%,4623.926,33303.990204552,73395.6507936508
48,3.5e-06,61,0.044%,4551.252,33060.82244321277,74610.68852459016
48,3.6e-06,60,0.044%,4433.51,32649.031982502776,73891.83333333333
48,3.6999999999999997e-06,59,0.045%,4198.263,31885.94539171382,71157.0
48,3.8e-06,59,0.046%,3990.282,31196.256713757437,67631.89830508475
48,3.9e-06,58,0.049%,3530.684,29549.92383790027,60873.862068965514
48,4e-06,58,0.049%,3469.648,29289.369497134077,59821.51724137931
48,4.1e-06,56,0.048%,3398.509,29021.288768957507,60687.66071428572
48,4.2e-06,56,0.049%,3220.946,28313.51969057665,57516.892857142855
48,4.2999999999999995e-06,53,0.047%,3126.689,27938.069070276546,58994.1320754717
48,4.4e-06,47,0.045%,2801.557,26564.610949915612,59607.59574468085
48,4.5e-06,47,0.045%,2689.735,25993.554123138478,57228.40425531915
48,4.6e-06,46,0.045%,2585.35,25502.33287629344,56203.260869565216
48,4.7e-06,46,0.046%,2551.477,25327.096217031794,55466.891304347824
48,4.8e-06,46,0.046%,2505.624,25110.478633849114,54470.086956521736
48,4.9e-06,46,0.047%,2398.945,24586.65997068801,52150.97826086957
49,2e-06,74,0.055%,6250.0,46630.30746159528,84459.45945945945
49,2.1e-06,75,0.056%,6250.0,46341.26448627928,83333.33333333333
49,2.2e-06,76,0.055%,6250.0,45157.00186408104,82236.84210526316
49,2.3e-06,77,0.055%,6250.0,44950.44662763769,81168.83116883117
49,2.4e-06,80,0.057%,6250.0,44146.52407928009,78125.0
49,2.4999999999999998e-06,80,0.056%,6250.0,43823.053029400005,78125.0
49,2.5999999999999997e-06,81,0.056%,6250.0,43345.285073270876,77160.49382716049
49,2.7e-06,82,0.055%,6250.0,41889.51890725325,76219.51219512195
49,2.8e-06,82,0.055%,6250.0,41585.15975354971,76219.51219512195
49,2.8999999999999998e-06,75,0.048%,6250.0,39776.99425938419,83333.33333333333
49,3e-06,74,0.047%,6250.0,39432.674229327815,84459.45945945945
49,3.1e-06,76,0.048%,6250.0,39121.67152818638,82236.84210526316
49,3.2e-06,81,0.050%,6242.352,38259.31759817111,77066.07407407407
49,3.2999999999999997e-06,79,0.049%,6060.137,37747.04446077759,76710.59493670886
49,3.3999999999999996e-06,63,0.045%,4653.824,33414.400183807695,73870.22222222222
49,3.5e-06,63,0.046%,4592.485,33212.932293851336,72896.58730158731
49,3.6e-06,60,0.044%,4514.586,32919.5420737932,75243.1
49,3.6999999999999997e-06,60,0.044%,4417.895,32599.819951445923,73631.58333333333
49,3.8e-06,59,0.045%,4176.636,31819.079398455,70790.44067796611
49,3.9e-06,58,0.046%,3873.849,30694.406807863274,66790.5
49,4e-06,58,0.049%,3523.504,29524.67299586898,60750.06896551724
49,4.1e-06,56,0.048%,3407.217,29073.30580063826,60843.16071428572
49,4.2e-06,56,0.049%,3273.124,28549.58263190489,58448.642857142855
49,4.2999999999999995e-06,53,0.047%,3178.189,28150.727641520298,59965.83018867925
49,4.4e-06,50,0.045%,3082.529,27771.03191048487,61650.58
49,4.5e-06,47,0.045%,2766.892,26421.053636736913,58870.04255319149
49,4.6e-06,46,0.045%,2632.348,25733.16128023149,57224.95652173913
49,4.7e-06,46,0.045%,2586.745,25516.848501588178,56233.586956521736
49,4.8e-06,46,0.046%,2511.358,25158.361884153794,54594.739130434784
49,4.9e-06,46,0.047%,2427.32,24736.262840371757,52767.82608695652
50,2e-06,74,0.055%,6250.0,46774.785023088036,84459.45945945945
50,2.1e-06,76,0.057%,6250.0,46505.398346640075,82236.84210526316
50,2.2e-06,75,0.055%,6250.0,46130.56795955272,83333.33333333333
50,2.3e-06,76,0.055%,6250.0,45034.98317493029,82236.84210526316
50,2.4e-06,78,0.056%,6250.0,44839.51042428939,80128.20512820513
50,2.4999999999999998e-06,80,0.056%,6250.0,43918.51534337252,78125.0
50,2.5999999999999997e-06,80,0.056%,6250.0,43653.78705333445,78125.0
50,2.7e-06,81,0.054%,6250.0,41977.580613745806,77160.49382716049
50,2.8e-06,82,0.055%,6250.0,41744.3110852853,76219.51219512195
50,2.8999999999999998e-06,76,0.049%,6250.0,39959.848344383565,82236.84210526316
50,3e-06,76,0.048%,6250.0,39622.91662704375,82236.84210526316
50,3.1e-06,75,0.047%,6250.0,39195.76560305037,83333.33333333333
50,3.2e-06,82,0.050%,6250.0,38301.26240960902,76219.51219512195
50,3.2999999999999997e-06,81,0.050%,6171.407,38104.748732703956,76190.20987654322
50,3.3999999999999996e-06,77,0.049%,5934.267,37438.516910925064,77068.4025974026
50,3.5e-06,63,0.045%,4624.895,33320.32910425717,73411.03174603175
50,3.6e-06,62,0.045%,4560.21,33113.145894449444,73551.7741935484
50,3.6999999999999997e-06,60,0.044%,4434.713,32668.717034505113,73911.88333333333
50,3.8e-06,59,0.045%,4186.765,31875.3616347413,70962.1186440678
50,3.9e-06,59,0.046%,4004.376,31285.165161411293,67870.77966101695
50,4e-06,58,0.049%,3539.32,29608.3253860697,61022.75862068965
50,4.1e-06,58,0.049%,3485.226,29377.473953943154,60090.10344827586
50,4.2e-06,56,0.048%,3403.869,29058.127027488474,60783.375
50,4.2999999999999995e-06,56,0.049%,3226.739,28355.469436535554,57620.33928571428
50,4.4e-06,50,0.045%,3088.162,27811.75813685405,61763.24
50,4.5e-06,47,0.045%,2807.574,26612.075829383888,59735.617021276594
50,4.6e-06,47,0.045%,2697.504,26055.791669886406,57393.70212765958
50,4.7e-06,46,0.045%,2594.933,25580.71194093118,56411.586956521736
50,4.8e-06,46,0.046%,2523.004,25242.66133066533,54847.913043478264
50,4.9e-06,46,0.046%,2480.718,25026.663841893405,53928.65217391304
51,2e-06,74,0.056%,6250.0,47015.45868281491,84459.45945945945
51,2.1e-06,75,0.056%,6250.0,46591.72232824427,83333.33333333333
51,2.2e-06,75,0.056%,6250.0,46287.381689452406,83333.33333333333
51,2.3e-06,76,0.055%,6250.0,45165.81273170062,82236.84210526316
51,2.4e-06,77,0.055%,6250.0,44908.781283457036,81168.83116883117
51,2.4999999999999998e-06,80,0.056%,6250.0,44073.36628845842,78125.0
51,2.5999999999999997e-06,80,0.056%,6250.0,43799.09878974331,78125.0
51,2.7e-06,81,0.056%,6250.0,43412.42498332963,77160.49382716049
51,2.8e-06,82,0.055%,6250.0,41847.44764047351,76219.51219512195
51,2.8999999999999998e-06,83,0.055%,6250.0,41567.735456280716,75301.2048192771
51,3e-06,75,0.048%,6250.0,39797.00344482862,83333.33333333333
51,3.1e-06,75,0.047%,6250.0,39468.78177236932,83333.33333333333
51,3.2e-06,80,0.050%,6250.0,39056.88557269893,78125.0
51,3.2999999999999997e-06,82,0.050%,6212.995,38213.1215095825,75768.23170731707
51,3.3999999999999996e-06,78,0.049%,5990.541,37619.33798456428,76801.80769230769
51,3.5e-06,63,0.045%,4640.524,33387.22651106906,73659.11111111111
51,3.6e-06,63,0.046%,4568.376,33150.0555116139,72513.90476190476
51,3.6999999999999997e-06,62,0.045%,4498.733,32934.105916631284,72560.20967741935
51,3.8e-06,59,0.045%,4265.475,32178.66411177163,72296.18644067796
51,3.9e-06,59,0.045%,4185.356,31872.642120092903,70938.2372881356
51,4e-06,59,0.046%,3998.524,31268.515839439464,67771.59322033898
51,4.1e-06,58,0.049%,3532.28,29583.58458961474,60901.379310344826
51,4.2e-06,56,0.048%,3414.855,29126.79864552503,60979.55357142857
51,4.2999999999999995e-06,56,0.049%,3278.689,28588.647163970876,58548.017857142855
51,4.4e-06,53,0.047%,3182.97,28185.585633451108,60056.03773584906
51,4.5e-06,50,0.045%,3088.836,27817.577607867504,61776.72
51,4.6e-06,47,0.045%,2774.514,26481.69817983984,59032.21276595745
51,4.7e-06,46,0.045%,2602.484,25634.175170403058,56575.739130434784
51,4.8e-06,46,0.046%,2576.435,25500.673040758556,56009.45652173913
51,4.9e-06,46,0.046%,2521.639,25244.158574431876,54818.239130434784
52,2e-06,74,0.056%,6250.0,47123.93217169699,84459.45945945945
52,2.1e-06,74,0.055%,6250.0,46653.976784981154,84459.45945945945
52,2.2e-06,75,0.056%,6250.0,46384.94307639785,83333.33333333333
52,2.3e-06,77,0.056%,6250.0,45624.10120520626,81168.83116883117
52,2.4e-06,76,0.055%,6250.0,45040.82500378343,82236.84210526316
52,2.4999999999999998e-06,78,0.056%,6250.0,44716.9595329403,80128.20512820513
52,2.5999999999999997e-06,80,0.056%,6250.0,43866.729366845175,78125.0
52,2.7e-06,80,0.056%,6250.0,43619.66444264537,78125.0
52,2.8e-06,83,0.056%,6250.0,41953.347877160595,75301.2048192771
52,2.8999999999999998e-06,82,0.055%,6250.0,41749.33034074134,76219.51219512195
52,3e-06,76,0.048%,6250.0,39883.60369098822,82236.84210526316
52,3.1e-06,76,0.048%,6250.0,39542.69662210468,82236.84210526316
52,3.2e-06,76,0.048%,6250.0,39234.641991738754,82236.84210526316
52,3.2999999999999997e-06,82,0.050%,6250.0,38318.404482946775,76219.51219512195
52,3.3999999999999996e-06,82,0.051%,6170.89,38115.912488109796,75254.75609756098
52,3.5e-06,78,0.049%,5944.859,37492.09462484943,76216.14102564103
52,3.6e-06,63,0.045%,4629.087,33353.17385978817,73477.57142857143
52,3.6999999999999997e-06,63,0.046%,4557.737,33115.146803455566,72345.03174603175
52,3.8e-06,61,0.045%,4441.615,32718.356132092842,72813.3606557377
52,3.9e-06,60,0.046%,4213.228,31993.773208088754,70220.46666666666
52,4e-06,59,0.046%,4007.744,31313.924960542558,67927.86440677966
52,4.1e-06,58,0.048%,3553.589,29705.576500288396,61268.775862068964
52,4.2e-06,56,0.048%,3454.471,29314.92701968771,61686.982142857145
52,4.2999999999999995e-06,56,0.049%,3313.695,28743.255902711517,59173.125
52,4.4e-06,56,0.049%,3232.935,28399.685515254267,57730.982142857145
52,4.5e-06,50,0.045%,3095.522,27859.976599765996,61910.44
52,4.6e-06,47,0.045%,2788.521,26560.884308383975,59330.234042553195
52,4.7e-06,47,0.046%,2662.78,25921.188404104123,56654.89361702128
52,4.8e-06,46,0.045%,2601.329,25633.40296801403,56550.63043478261
52,4.9e-06,46,0.046%,2530.552,25305.773057730577,55012.0
53,2e-06,74,0.056%,6250.0,47238.26223659945,84459.45945945945
53,2.1e-06,74,0.055%,6250.0,46796.49887314031,84459.45945945945
53,2.2e-06,76,0.057%,6250.0,46522.014217127544,82236.84210526316
53,2.3e-06,75,0.055%,6250.0,46205.9380175065,83333.33333333333
53,2.4e-06,76,0.055%,6250.0,45076.23292512297,82236.84210526316
53,2.4999999999999998e-06,77,0.055%,6250.0,44874.924610126654,81168.83116883117
53,2.5999999999999997e-06,80,0.056%,6250.0,43968.567750286675,78125.0
53,2.7e-06,80,0.056%,6250.0,43758.926821071494,78125.0
53,2.8e-06,83,0.057%,6250.0,42817.603858379916,75301.2048192771
53,2.8999999999999998e-06,83,0.056%,6250.0,41865.107275150884,75301.2048192771
53,3e-06,83,0.055%,6250.0,41577.41381833664,75301.2048192771
53,3.1e-06,76,0.048%,6250.0,39679.012659192194,82236.84210526316
53,3.2e-06,75,0.047%,6250.0,39455.07802636231,83333.33333333333
53,3.2999999999999997e-06,81,0.051%,6250.0,39060.7910903898,77160.49382716049
53,3.3999999999999996e-06,82,0.051%,6183.075,38160.7695013794,75403.35365853658
53,3.5e-06,79,0.050%,5995.042,37642.16646574241,75886.60759493671
53,3.6e-06,64,0.046%,4651.317,33451.16075024452,72676.828125
53,3.6999999999999997e-06,63,0.046%,4577.009,33201.13595972639,72650.93650793651
53,3.8e-06,63,0.046%,4502.142,32953.996149876664,71462.57142857143
53,3.9e-06,60,0.045%,4274.792,32236.305501930503,71246.53333333334
53,4e-06,60,0.047%,4018.431,31373.893287112944,66973.85
53,4.1e-06,59,0.049%,3668.647,30259.6276775625,62180.457627118645
53,4.2e-06,58,0.049%,3546.312,29679.231387252275,61143.31034482759
53,4.2999999999999995e-06,56,0.048%,3425.311,29199.04696144371,61166.267857142855
53,4.4e-06,56,0.049%,3240.786,28454.15514289477,57871.17857142857
53,4.5e-06,53,0.047%,3150.815,28099.661107642914,59449.339622641506
53,4.6e-06,47,0.045%,2818.229,26695.105663487135,59962.31914893617
53,4.7e-06,47,0.045%,2779.441,26520.624409606593,59137.04255319149
53,4.8e-06,46,0.045%,2606.118,25672.75127323594,56654.739130434784
53,4.9e-06,46,0.046%,2582.751,25552.8172149394,56146.760869565216
54,2e-06,73,0.055%,6250.0,47369.29863121674,85616.43835616438
54,2.1e-06,74,0.056%,6250.0,47107.238686725555,84459.45945945945
54,2.2e-06,74,0.055%,6250.0,46651.887348754586,84459.45945945945
54,2.3e-06,75,0.056%,6250.0,46364.64121186044,83333.33333333333
54,2.4e-06,76,0.055%,6250.0,45186.05811288562,82236.84210526316
54,2.4999999999999998e-06,77,0.055%,6250.0,44940.42697000856,81168.83116883117
54,2.5999999999999997e-06,78,0.056%,6250.0,44487.78543363135,80128.20512820513
54,2.7e-06,80,0.056%,6250.0,43834.11767181221,78125.0
54,2.8e-06,80,0.056%,6250.0,43565.847164037616,78125.0
54,2.8999999999999998e-06,83,0.056%,6250.0,41932.800171756746,75301.2048192771
54,3e-06,83,0.055%,6250.0,41735.948340912575,75301.2048192771
54,3.1e-06,76,0.048%,6250.0,39837.59011262884,82236.84210526316
54,3.2e-06,76,0.048%,6250.0,39541.195599223094,82236.84210526316
54,3.2999999999999997e-06,76,0.048%,6250.0,39247.4536252088,82236.84210526316
54,3.3999999999999996e-06,83,0.051%,6231.947,38297.415885696726,75083.69879518072
54,3.5e-06,82,0.051%,6136.91,38063.78584232169,74840.36585365854
54,3.6e-06,77,0.050%,5693.458,36981.07251422484,73941.01298701299
54,3.6999999999999997e-06,64,0.046%,4617.182,33349.57529180631,72143.46875
54,3.8e-06,63,0.046%,4543.198,33106.20778104073,72114.25396825396
54,3.9e-06,61,0.046%,4318.282,32385.981490647828,70791.5081967213
54,4e-06,60,0.046%,4221.609,32045.978320276918,70360.15
54,4.1e-06,60,0.047%,4011.083,31348.096566708085,66851.38333333333
54,4.2e-06,58,0.048%,3555.405,29727.2179998495,61300.08620689655
54,4.2999999999999995e-06,56,0.047%,3479.263,29447.098253958848,62129.69642857143
54,4.4e-06,56,0.049%,3304.94,28761.11739622313,59016.78571428572
54,4.5e-06,56,0.049%,3242.179,28464.63626626398,57896.05357142857
54,4.6e-06,50,0.045%,3102.643,27913.012577145222,62052.86
54,4.7e-06,47,0.045%,2786.571,26568.3761906124,59288.744680851065
54,4.8e-06,47,0.046%,2658.427,25959.17311147567,56562.27659574468
54,4.9e-06,46,0.045%,2607.781,25686.603035765296,56690.891304347824
55,2e-06,73,0.055%,6250.0,47402.710676607334,85616.43835616438
55,2.1e-06,74,0.056%,6250.0,47142.415351079,84459.45945945945
55,2.2e-06,74,0.055%,6250.0,46687.43323697047,84459.45945945945
55,2.3e-06,74,0.055%,6250.0,46424.56565176376,84459.45945945945
55,2.4e-06,76,0.056%,6250.0,46080.23121216813,82236.84210526316
55,2.4999999999999998e-06,76,0.055%,6250.0,45074.607490317976,82236.84210526316
55,2.5999999999999997e-06,78,0.056%,6250.0,44812.50448125045,80128.20512820513
55,2.7e-06,80,0.056%,6250.0,43913.57807834182,78125.0
55,2.8e-06,80,0.056%,6250.0,43719.440111362164,78125.0
55,2.8999999999999998e-06,83,0.057%,6250.0,42832.862742948,75301.2048192771
55,3e-06,82,0.055%,6250.0,41837.08305163031,76219.51219512195
55,3.1e-06,82,0.053%,6250.0,40203.00911482622,76219.51219512195
55,3.2e-06,76,0.048%,6250.0,39690.35175177336,82236.84210526316
55,3.2999999999999997e-06,77,0.049%,6250.0,39404.08415451445,81168.83116883117
55,3.3999999999999996e-06,82,0.051%,6250.0,38621.96817549822,76219.51219512195
55,3.5e-06,83,0.051%,6186.881,38193.68838240106,74540.73493975903
55,3.6e-06,79,0.050%,5999.22,37668.63615529031,75939.49367088608
55,3.6999999999999997e-06,64,0.046%,4651.771,33465.01539524043,72683.921875
55,3.8e-06,64,0.046%,4581.333,33237.56493223831,71583.328125
55,3.9e-06,63,0.046%,4508.007,33002.964991141635,71555.66666666667
55,4e-06,61,0.046%,4257.517,32190.997898047754,69795.3606557377
55,4.1e-06,60,0.047%,4023.39,31405.254777070062,67056.5
55,4.2e-06,60,0.049%,3677.124,30318.04427587913,61285.4
55,4.2999999999999995e-06,56,0.047%,3483.898,29476.597400839313,62212.46428571428
55,4.4e-06,56,0.048%,3433.124,29254.17749563291,61305.78571428572
55,4.5e-06,56,0.049%,3253.635,28546.91818381224,58100.625
55,4.6e-06,50,0.045%,3111.264,27967.926360073354,62225.28
55,4.7e-06,47,0.045%,2799.768,26649.7363361191,59569.53191489362
55,4.8e-06,47,0.045%,2785.015,26565.951885838564,59255.63829787234
55,4.9e-06,46,0.045%,2611.077,25713.496479393372,56762.54347826087
56,2e-06,74,0.056%,6250.0,47541.17065378618,84459.45945945945
56,2.1e-06,74,0.056%,6250.0,47249.69004203332,84459.45945945945
56,2.2e-06,74,0.055%,6250.0,46814.72604022321,84459.45945945945
56,2.3e-06,76,0.057%,6250.0,46547.653625876024,82236.84210526316
56,2.4e-06,75,0.055%,6250.0,46240.80732750329,83333.33333333333
56,2.4999999999999998e-06,76,0.055%,6250.0,45095.421912767415,82236.84210526316
56,2.5999999999999997e-06,77,0.055%,6250.0,44951.093210586885,81168.83116883117
56,2.7e-06,80,0.056%,6250.0,44000.14080045056,78125.0
56,2.8e-06,80,0.056%,6250.0,43794.18833603105,78125.0
56,2.8999999999999998e-06,81,0.056%,6250.0,43482.1931722521,77160.49382716049
56,3e-06,83,0.056%,6250.0,41946.871770090875,75301.2048192771
56,3.1e-06,83,0.055%,6250.0,41706.98341730339,75301.2048192771
56,3.2e-06,77,0.049%,6250.0,39723.902984695174,81168.83116883117
56,3.2999999999999997e-06,76,0.048%,6250.0,39513.19740793425,82236.84210526316
56,3.3999999999999996e-06,77,0.048%,6250.0,39317.82009423695,81168.83116883117
56,3.5e-06,83,0.051%,6197.042,38228.567903519324,74663.15662650602
56,3.6e-06,81,0.050%,6101.198,38007.06418817901,75323.43209876544
56,3.6999999999999997e-06,66,0.046%,4970.289,34628.92078311155,75307.40909090909
56,3.8e-06,64,0.046%,4592.791,33286.159488038036,71762.359375
56,3.9e-06,64,0.047%,4518.707,33052.504151031724,70604.796875
56,4e-06,61,0.046%,4295.162,32344.79227067692,70412.4918032787
56,4.1e-06,61,0.047%,4049.737,31521.840995065148,66389.13114754099
56,4.2e-06,60,0.049%,3702.038,30419.37551355793,61700.63333333333
56,4.2999999999999995e-06,59,0.049%,3558.503,29762.825981499136,60313.61016949153
56,4.4e-06,56,0.048%,3452.484,29359.10540414133,61651.5
56,4.5e-06,56,0.049%,3310.734,28802.515964017886,59120.25
56,4.6e-06,53,0.047%,3169.529,28234.57779915729,59802.43396226415
56,4.7e-06,50,0.045%,3111.801,27981.557248064455,62236.02
56,4.8e-06,47,0.045%,2794.339,26629.99847520299,59454.02127659575
56,4.9e-06,47,0.046%,2663.678,26003.084822866735,56674.0
57,2e-06,75,0.057%,6250.0,47729.23396488656,83333.33333333333
57,2.1e-06,74,0.056%,6250.0,47332.34882047787,84459.45945945945
57,2.2e-06,74,0.055%,6250.0,46858.95080934779,84459.45945945945
57,2.3e-06,75,0.056%,6250.0,46578.180544480296,83333.33333333333
57,2.4e-06,75,0.056%,6250.0,46405.951841759415,83333.33333333333
57,2.4999999999999998e-06,77,0.056%,6250.0,45570.87547120285,81168.83116883117
57,2.5999999999999997e-06,77,0.055%,6250.0,44963.7052970842,81168.83116883117
57,2.7e-06,78,0.056%,6250.0,44823.11007838666,80128.20512820513
57,2.8e-06,80,0.056%,6250.0,43861.80373772747,78125.0
57,2.8999999999999998e-06,80,0.056%,6250.0,43673.0044930787,78125.0
57,3e-06,83,0.056%,6250.0,41962.64317653852,75301.2048192771
57,3.1e-06,83,0.056%,6250.0,41797.0735360993,75301.2048192771
57,3.2e-06,77,0.049%,6250.0,39895.31469424231,81168.83116883117
57,3.2999999999999997e-06,78,0.049%,6250.0,39607.59958934841,80128.20512820513
57,3.3999999999999996e-06,77,0.049%,6250.0,39409.301856335755,81168.83116883117
57,3.5e-06,84,0.052%,6250.0,38569.29513841749,74404.76190476191
57,3.6e-06,83,0.051%,6156.386,38146.01896028255,74173.32530120482
57,3.6999999999999997e-06,78,0.050%,5757.238,37204.43824072997,73810.7435897436
57,3.8e-06,64,0.046%,4634.451,33431.56717763751,72413.296875
57,3.9e-06,64,0.047%,4560.832,33193.82823871907,71263.0
57,4e-06,63,0.047%,4387.553,32695.84106473512,69643.69841269842
57,4.1e-06,61,0.046%,4267.28,32251.89137713418,69955.40983606558
57,4.2e-06,61,0.048%,4025.689,31427.615657251707,65994.90163934426
57,4.2999999999999995e-06,60,0.049%,3678.414,30335.18336783249,61306.9
57,4.4e-06,57,0.048%,3492.153,29535.19625836244,61265.84210526316
57,4.5e-06,57,0.050%,3317.331,28850.37048632853,58198.78947368421
57,4.6e-06,56,0.049%,3258.815,28584.341312375556,58193.125
57,4.7e-06,50,0.045%,3120.456,28045.009257095608,62409.12
57,4.8e-06,47,0.045%,2809.029,26723.388669552394,59766.574468085106
57,4.9e-06,47,0.046%,2715.036,26301.60713766747,57766.72340425532
58,2e-06,75,0.057%,6250.0,47779.95229649563,83333.33333333333
58,2.1e-06,73,0.055%,6250.0,47403.789269299035,85616.43835616438
58,2.2e-06,74,0.056%,6250.0,47153.44106951549,84459.45945945945
58,2.3e-06,74,0.055%,6250.0,46694.40937175474,84459.45945945945
58,2.4e-06,74,0.055%,6250.0,46441.123800890186,84459.45945945945
58,2.4999999999999998e-06,76,0.056%,6250.0,46023.22516034491,82236.84210526316
58,2.5999999999999997e-06,76,0.055%,6250.0,45087.28899148752,82236.84210526316
58,2.7e-06,78,0.056%,6250.0,44835.328804367324,80128.20512820513
58,2.8e-06,80,0.056%,6250.0,43947.54421122948,78125.0
58,2.8999999999999998e-06,80,0.056%,6250.0,43751.26878679482,78125.0
58,3e-06,81,0.056%,6250.0,43370.8520117136,77160.49382716049
58,3.1e-06,82,0.055%,6250.0,41868.19223194308,76219.51219512195
58,3.2e-06,83,0.055%,6250.0,41658.05733481747,75301.2048192771
58,3.2999999999999997e-06,77,0.049%,6250.0,39741.83702667472,81168.83116883117
58,3.3999999999999996e-06,78,0.049%,6250.0,39447.60726593368,80128.20512820513
58,3.5e-06,79,0.050%,6250.0,39164.08183726541,79113.92405063291
58,3.6e-06,84,0.052%,6201.348,38250.17578920099,73825.57142857143
58,3.6999999999999997e-06,82,0.051%,6101.125,38016.55596126765,74403.96341463414
58,3.8e-06,66,0.046%,4975.273,34669.20080553562,75382.92424242424
58,3.9e-06,64,0.046%,4593.675,33302.46197567022,71776.171875
58,4e-06,64,0.047%,4519.72,33073.21927732003,70620.625
58,4.1e-06,62,0.047%,4293.581,32352.133158521334,69251.30645161291
58,4.2e-06,61,0.048%,4038.523,31502.968134482624,66205.29508196721
58,4.2999999999999995e-06,61,0.050%,3687.529,30388.04924679434,60451.29508196721
58,4.4e-06,57,0.048%,3495.341,29555.659842892535,61321.771929824565
58,4.5e-06,57,0.048%,3454.237,29381.758021162943,60600.649122807015
58,4.6e-06,57,0.050%,3268.713,28648.79575094657,57345.84210526316
58,4.7e-06,50,0.045%,3128.948,28096.33188165043,62578.96
58,4.8e-06,47,0.045%,2820.23,26803.93852704411,60004.89361702128
58,4.9e-06,47,0.045%,2803.134,26700.328618374057,59641.14893617021
59,2e-06,74,0.057%,6250.0,48008.97191667179,84459.45945945945
59,2.1e-06,74,0.056%,6250.0,47555.640098915734,84459.45945945945
59,2.2e-06,74,0.056%,6250.0,47222.91482497299,84459.45945945945
59,2.3e-06,74,0.055%,6250.0,46826.30064732678,84459.45945945945
59,2.4e-06,76,0.057%,6250.0,46559.09653004365,82236.84210526316
59,2.4999999999999998e-06,75,0.056%,6250.0,46259.973650319014,83333.33333333333
59,2.5999999999999997e-06,76,0.055%,6250.0,45101.27943309496,82236.84210526316
59,2.7e-06,77,0.055%,6250.0,44960.47075411298,81168.83116883117
59,2.8e-06,80,0.057%,6250.0,44386.99780550683,78125.0
59,2.8999999999999998e-06,80,0.056%,6250.0,43824.58945124602,78125.0
59,3e-06,81,0.056%,6250.0,43522.76763020272,77160.49382716049
59,3.1e-06,83,0.056%,6250.0,41974.761415456116,75301.2048192771
59,3.2e-06,83,0.055%,6250.0,41761.04663205511,75301.2048192771
59,3.2999999999999997e-06,77,0.049%,6250.0,39759.78726923419,81168.83116883117
59,3.3999999999999996e-06,78,0.049%,6250.0,39590.28802726346,80128.20512820513
59,3.5e-06,78,0.049%,6250.0,39364.375555037695,80128.20512820513
59,3.6e-06,84,0.052%,6243.225,38352.81723019462,74324.10714285714
59,3.6999999999999997e-06,83,0.052%,6110.492,38052.6342010213,73620.38554216867
59,3.8e-06,79,0.051%,5738.393,37169.60954503057,72637.88607594937
59,3.9e-06,64,0.046%,4611.002,33383.78667979525,72046.90625
59,4e-06,64,0.047%,4527.227,33103.92810658243,70737.921875
59,4.1e-06,63,0.047%,4349.009,32589.0520794305,69031.88888888889
59,4.2e-06,62,0.048%,4092.669,31730.051789369223,66010.79032258065
59,4.2999999999999995e-06,61,0.050%,3717.185,30522.51919366096,60937.45901639344
59,4.4e-06,61,0.050%,3681.334,30369.282043244046,60349.737704918036
59,4.5e-06,57,0.048%,3477.718,29491.18076048981,61012.59649122807
59,4.6e-06,57,0.050%,3321.619,28881.383196097697,58274.01754385965
59,4.7e-06,54,0.048%,3182.452,28330.769504682547,58934.2962962963
59,4.8e-06,50,0.045%,3099.546,27989.398591294925,61990.92
59,4.9e-06,47,0.045%,2812.361,26771.642075202282,59837.46808510638
60,2e-06,74,0.057%,6250.0,48122.454322166355,84459.45945945945
60,2.1e-06,74,0.056%,6250.0,47578.447343980755,84459.45945945945
60,2.2e-06,74,0.056%,6250.0,47295.45660925629,84459.45945945945
60,2.3e-06,74,0.056%,6250.0,46878.984713700665,84459.45945945945
60,2.4e-06,75,0.056%,6250.0,46588.59660238683,83333.33333333333
60,2.4999999999999998e-06,75,0.056%,6250.0,46327.867880333266,83333.33333333333
60,2.5999999999999997e-06,76,0.056%,6250.0,45960.27561458081,82236.84210526316
60,2.7e-06,77,0.055%,6250.0,44976.00080596993,81168.83116883117
60,2.8e-06,78,0.056%,6250.0,44707.363481594875,80128.20512820513
60,2.8999999999999998e-06,80,0.056%,6250.0,43895.998089646164,78125.0
60,3e-06,79,0.055%,6250.0,43709.65598752352,79113.92405063291
60,3.1e-06,84,0.057%,6250.0,42747.90364280535,74404.76190476191
60,3.2e-06,82,0.055%,6250.0,41828.96304327457,76219.51219512195
60,3.2999999999999997e-06,86,0.057%,6250.0,41541.21220580514,72674.41860465116
60,3.3999999999999996e-06,78,0.049%,6250.0,39645.285699786866,80128.20512820513
60,3.5e-06,78,0.049%,6250.0,39388.935805487985,80128.20512820513
60,3.6e-06,84,0.053%,6250.0,39071.046791485634,74404.76190476191
60,3.6999999999999997e-06,84,0.052%,6163.665,38180.9481332813,73376.96428571429
60,3.8e-06,82,0.053%,5854.588,37542.64644586232,71397.41463414633
60,3.9e-06,65,0.047%,4646.747,33505.040089986156,71488.41538461538
60,4e-06,64,0.047%,4574.508,33274.715043243596,71476.6875
60,4.1e-06,63,0.047%,4395.607,32745.610310276752,69771.53968253969
60,4.2e-06,62,0.047%,4216.772,32149.09692519994,68012.45161290323
60,4.2999999999999995e-06,62,0.048%,4039.651,31517.667803169203,65155.66129032258
60,4.4e-06,62,0.051%,3693.536,30439.056550905705,59573.16129032258
60,4.5e-06,58,0.049%,3503.058,29611.39804397258,60397.55172413793
60,4.6e-06,57,0.050%,3325.102,28906.138345315612,58335.12280701754
60,4.7e-06,57,0.050%,3233.71,28546.672787302035,56731.754385964916
60,4.8e-06,51,0.046%,3133.674,28141.801298573006,61444.58823529412
60,4.9e-06,47,0.045%,2825.115,26856.49235215271,60108.82978723404
61,2e-06,73,0.056%,6250.0,48194.81500902207,85616.43835616438
61,2.1e-06,75,0.057%,6250.0,47774.83909434193,83333.33333333333
61,2.2e-06,73,0.055%,6250.0,47416.0167511304,85616.43835616438
61,2.3e-06,74,0.056%,6250.0,47159.13378103071,84459.45945945945
61,2.4e-06,74,0.055%,6250.0,46703.132472501195,84459.45945945945
61,2.4999999999999998e-06,74,0.055%,6250.0,46457.003114477484,84459.45945945945
61,2.5999999999999997e-06,76,0.056%,6250.0,46048.99613188432,82236.84210526316
61,2.7e-06,76,0.055%,6250.0,45056.73544126764,82236.84210526316
61,2.8e-06,78,0.056%,6250.0,44851.09436670255,80128.20512820513
61,2.8999999999999998e-06,80,0.056%,6250.0,43923.45371873529,78125.0
61,3e-06,80,0.056%,6250.0,43776.09054996778,78125.0
61,3.1e-06,81,0.056%,6250.0,43463.74775727062,77160.49382716049
61,3.2e-06,82,0.055%,6250.0,41844.08558956643,76219.51219512195
61,3.2999999999999997e-06,83,0.055%,6250.0,41689.17882323121,75301.2048192771
61,3.3999999999999996e-06,77,0.049%,6250.0,39800.04457604993,81168.83116883117
61,3.5e-06,77,0.049%,6250.0,39506.453774288566,81168.83116883117
61,3.6e-06,78,0.049%,6250.0,39325.98409342595,80128.20512820513
61,3.6999999999999997e-06,85,0.052%,6204.803,38281.40346980578,72997.68235294118
61,3.8e-06,82,0.053%,5859.111,37560.81159048657,71452.5731707317
61,3.9e-06,79,0.052%,5671.468,36999.98042835801,71790.73417721518
61,4e-06,65,0.047%,4610.911,33394.491359705666,70937.0923076923
61,4.1e-06,64,0.047%,4530.502,33138.2949932341,70789.09375
61,4.2e-06,63,0.047%,4319.699,32498.24331745924,68566.6507936508
61,4.2999999999999995e-06,62,0.048%,4069.664,31649.847570459777,65639.74193548386
61,4.4e-06,62,0.051%,3700.119,30473.46834567332,59679.33870967742
61,4.5e-06,60,0.050%,3622.812,30204.698937819943,60380.2
61,4.6e-06,57,0.049%,3460.666,29468.025681636267,60713.43859649123
61,4.7e-06,57,0.050%,3320.356,28892.257357163988,58251.85964912281
61,4.8e-06,51,0.046%,3140.016,28179.775280898877,61568.94117647059
61,4.9e-06,48,0.046%,2832.996,26906.34527167564,59020.75
62,2e-06,72,0.056%,6250.0,48362.63464157484,86805.55555555556
62,2.1e-06,74,0.057%,6250.0,47945.62582466476,84459.45945945945
62,2.2e-06,73,0.055%,6250.0,47485.18462239781,85616.43835616438
62,2.3e-06,74,0.056%,6250.0,47188.6867954729,84459.45945945945
62,2.4e-06,74,0.055%,6250.0,46720.93770790817,84459.45945945945
62,2.4999999999999998e-06,75,0.056%,6250.0,46524.784683296486,83333.33333333333
62,2.5999999999999997e-06,75,0.056%,6250.0,46271.61809997631,83333.33333333333
62,2.7e-06,76,0.055%,6250.0,45120.489755844006,82236.84210526316
62,2.8e-06,78,0.056%,6250.0,44873.31366087263,80128.20512820513
62,2.8999999999999998e-06,80,0.057%,6250.0,44592.2131293745,78125.0
62,3e-06,80,0.056%,6250.0,43792.96089463764,78125.0
62,3.1e-06,81,0.057%,6250.0,43605.056791225965,77160.49382716049
62,3.2e-06,83,0.056%,6250.0,42004.38189711951,75301.2048192771
62,3.2999999999999997e-06,83,0.055%,6250.0,41717.840551075984,75301.2048192771
62,3.3999999999999996e-06,77,0.049%,6250.0,39814.74993151863,81168.83116883117
62,3.5e-06,78,0.049%,6250.0,39652.57995546222,80128.20512820513
62,3.6e-06,78,0.049%,6250.0,39405.077895957984,80128.20512820513
62,3.6999999999999997e-06,85,0.052%,6250.0,38549.55004965182,73529.41176470589
62,3.8e-06,84,0.052%,6118.873,38094.86247213956,72843.72619047618
62,3.9e-06,82,0.053%,5832.637,37495.41644166731,71129.71951219512
62,4e-06,66,0.048%,4619.575,33434.72030224294,69993.56060606061
62,4.1e-06,65,0.048%,4539.035,33175.71518367466,69831.30769230769
62,4.2e-06,63,0.047%,4360.526,32658.712682934136,69214.69841269842
62,4.2999999999999995e-06,62,0.048%,4103.263,31792.220973927866,66181.66129032258
62,4.4e-06,62,0.051%,3726.584,30586.636243505665,60106.1935483871
62,4.5e-06,60,0.050%,3650.484,30316.86473827142,60841.4
62,4.6e-06,59,0.050%,3493.532,29603.443746769368,59212.40677966102
62,4.7e-06,57,0.050%,3328.159,28948.820096201518,58388.754385964916
62,4.8e-06,54,0.048%,3190.246,28388.022779854065,59078.62962962963
62,4.9e-06,48,0.046%,2836.867,26934.412532637074,59101.395833333336
63,2e-06,73,0.057%,6250.0,48563.68058307498,85616.43835616438
63,2.1e-06,74,0.057%,6250.0,48049.57178221628,84459.45945945945
63,2.2e-06,74,0.056%,6250.0,47580.25837983511,84459.45945945945
63,2.3e-06,74,0.056%,6250.0,47303.689687795646,84459.45945945945
63,2.4e-06,74,0.055%,6250.0,46874.76562617187,84459.45945945945
63,2.4999999999999998e-06,75,0.056%,6250.0,46593.11167437006,83333.33333333333
63,2.5999999999999997e-06,75,0.056%,6250.0,46307.959041536385,83333.33333333333
63,2.7e-06,77,0.057%,6250.0,45870.88629891672,81168.83116883117
63,2.8e-06,77,0.055%,6250.0,44996.724238475435,81168.83116883117
63,2.8999999999999998e-06,78,0.056%,6250.0,44724.31929586032,80128.20512820513
63,3e-06,80,0.056%,6250.0,43916.046572089064,78125.0
63,3.1e-06,80,0.056%,6250.0,43641.89901613703,78125.0
63,3.2e-06,83,0.057%,6250.0,43290.34313657584,75301.2048192771
63,3.2999999999999997e-06,82,0.055%,6250.0,41857.53703554877,76219.51219512195
63,3.3999999999999996e-06,85,0.056%,6250.0,41492.39859257784,73529.41176470589
63,3.5e-06,78,0.050%,6250.0,39663.903943543984,80128.20512820513
63,3.6e-06,78,0.049%,6250.0,39423.22248574456,80128.20512820513
63,3.6999999999999997e-06,79,0.050%,6250.0,39266.44007312982,79113.92405063291
63,3.8e-06,85,0.053%,6174.197,38232.68933060871,72637.61176470589
63,3.9e-06,83,0.053%,5862.963,37586.228339541114,70638.10843373495
63,4e-06,68,0.047%,4963.956,34674.42494010157,72999.35294117648
63,4.1e-06,66,0.048%,4585.849,33335.87031585069,69482.56060606061
63,4.2e-06,64,0.048%,4408.042,32822.59733877393,68875.65625
63,4.2999999999999995e-06,63,0.048%,4258.165,32347.29069652611,67589.92063492064
63,4.4e-06,62,0.051%,3734.283,30624.94259283559,60230.37096774193
63,4.5e-06,62,0.051%,3702.481,30499.954692609954,59717.43548387097
63,4.6e-06,60,0.050%,3608.698,30167.006620745004,60144.96666666667
63,4.7e-06,59,0.051%,3348.599,29054.58473605664,56755.91525423729
63,4.8e-06,54,0.048%,3204.611,28478.59624801159,59344.648148148146
63,4.9e-06,51,0.046%,3117.157,28120.496165990076,61120.72549019608
64,2e-06,73,0.057%,6250.0,48647.218157476884,85616.43835616438
64,2.1e-06,74,0.057%,6250.0,48155.082480025274,84459.45945945945
64,2.2e-06,74,0.056%,6250.0,47704.461321222756,84459.45945945945
64,2.3e-06,74,0.056%,6250.0,47318.373156476184,84459.45945945945
64,2.4e-06,74,0.056%,6250.0,46907.83548483939,84459.45945945945
64,2.4999999999999998e-06,74,0.055%,6250.0,46657.459594639986,84459.45945945945
64,2.5999999999999997e-06,75,0.056%,6250.0,46403.540033262056,83333.33333333333
64,2.7e-06,76,0.056%,6250.0,46061.21351030666,82236.84210526316
64,2.8e-06,77,0.055%,6250.0,45027.84521948373,81168.83116883117
64,2.8999999999999998e-06,78,0.056%,6250.0,44868.48150700666,80128.20512820513
64,3e-06,80,0.056%,6250.0,43932.71616653663,78125.0
64,3.1e-06,80,0.056%,6250.0,43783.450556224954,78125.0
64,3.2e-06,81,0.056%,6250.0,43435.0524347953,77160.49382716049
64,3.2999999999999997e-06,82,0.055%,6250.0,41871.2776434175,76219.51219512195
64,3.3999999999999996e-06,83,0.055%,6250.0,41714.499292522094,75301.2048192771
64,3.5e-06,78,0.050%,6250.0,39741.584322103954,80128.20512820513
64,3.6e-06,79,0.050%,6250.0,39515.69563430595,79113.92405063291
64,3.6999999999999997e-06,79,0.050%,6250.0,39293.34842197913,79113.92405063291
64,3.8e-06,85,0.053%,6177.683,38249.77555430347,72678.62352941177
64,3.9e-06,83,0.053%,5869.433,37613.96144677143,70716.06024096385
64,4e-06,82,0.053%,5767.392,37338.58165762453,70334.0487804878
64,4.1e-06,66,0.048%,4593.178,33368.04405311946,69593.60606060606
64,4.2e-06,65,0.048%,4411.89,32845.869223725254,67875.23076923077
64,4.2999999999999995e-06,64,0.049%,4282.103,32452.466843501326,66907.859375
64,4.4e-06,62,0.048%,4106.157,31825.24685712514,66228.33870967742
64,4.5e-06,62,0.051%,3713.991,30569.588371346497,59903.08064516129
64,4.6e-06,60,0.050%,3630.999,30261.855549814143,60516.65
64,4.7e-06,59,0.051%,3369.189,29160.368703479315,57104.898305084746
64,4.8e-06,59,0.052%,3255.233,28697.15429236384,55173.4406779661
64,4.9e-06,51,0.046%,3154.018,28285.888525178245,61843.490196078434
65,2e-06,74,0.058%,6250.0,48750.42900377523,84459.45945945945
65,2.1e-06,73,0.056%,6250.0,48303.95164967656,85616.43835616438
65,2.2e-06,74,0.057%,6250.0,47831.510633901446,84459.45945945945
65,2.3e-06,73,0.055%,6250.0,47394.44309633584,85616.43835616438
65,2.4e-06,74,0.056%,6250.0,47004.850900612946,84459.45945945945
65,2.4999999999999998e-06,74,0.055%,6250.0,46734.21318278685,84459.45945945945
65,2.5999999999999997e-06,74,0.055%,6250.0,46473.58441461873,84459.45945945945
65,2.7e-06,76,0.056%,6250.0,46083.2890933758,82236.84210526316
65,2.8e-06,76,0.055%,6250.0,45080.13444699297,82236.84210526316
65,2.8999999999999998e-06,78,0.056%,6250.0,44887.17160545254,80128.20512820513
65,3e-06,80,0.057%,6250.0,44576.94694273467,78125.0
65,3.1e-06,80,0.056%,6250.0,43800.32657523495,78125.0
65,3.2e-06,81,0.057%,6250.0,43629.40831541619,77160.49382716049
65,3.2999999999999997e-06,82,0.055%,6250.0,41897.10072063014,76219.51219512195
65,3.3999999999999996e-06,83,0.055%,6250.0,41738.17807844106,75301.2048192771
65,3.5e-06,81,0.052%,6250.0,40136.39954019741,77160.49382716049
65,3.6e-06,78,0.050%,6250.0,39684.30342935876,80128.20512820513
65,3.6999999999999997e-06,78,0.049%,6250.0,39424.71456506655,80128.20512820513
65,3.8e-06,85,0.052%,6250.0,38515.10408321727,73529.41176470589
65,3.9e-06,83,0.053%,5873.802,37634.96568913265,70768.69879518072
65,4e-06,83,0.054%,5816.935,37495.95513584942,70083.55421686747
65,4.1e-06,67,0.049%,4600.363,33410.77485093434,68662.13432835821
65,4.2e-06,66,0.048%,4541.722,33204.33393526878,68813.9696969697
65,4.2999999999999995e-06,65,0.049%,4368.614,32708.99970050913,67209.44615384615
65,4.4e-06,64,0.049%,4146.058,32004.770543054532,64782.15625
65,4.5e-06,62,0.051%,3715.915,30582.152321696045,59934.1129032258
65,4.6e-06,60,0.050%,3664.113,30411.61482022509,61068.55
65,4.7e-06,60,0.050%,3591.007,30129.941938515236,59850.11666666667
65,4.8e-06,59,0.051%,3340.447,29037.265299026425,56617.745762711864
65,4.9e-06,53,0.047%,3160.949,28329.246542808236,59640.54716981132
66,2e-06,74,0.058%,6250.0,48959.3206796337,84459.45945945945
66,2.1e-06,73,0.056%,6250.0,48366.751534193354,85616.43835616438
66,2.2e-06,74,0.057%,6250.0,47983.53972653221,84459.45945945945
66,2.3e-06,73,0.055%,6250.0,47509.007707861405,85616.43835616438
66,2.4e-06,74,0.056%,6250.0,47213.9964948329,84459.45945945945
66,2.4999999999999998e-06,74,0.055%,6250.0,46754.49030124853,84459.45945945945
66,2.5999999999999997e-06,75,0.056%,6250.0,46553.20099810063,83333.33333333333
66,2.7e-06,75,0.056%,6250.0,46256.892276949264,83333.33333333333
66,2.8e-06,77,0.057%,6250.0,45877.62052968465,81168.83116883117
66,2.8999999999999998e-06,78,0.056%,6250.0,44901.038112001144,80128.20512820513
66,3e-06,79,0.056%,6250.0,44698.091212712854,79113.92405063291
66,3.1e-06,80,0.056%,6250.0,43833.502822877585,78125.0
66,3.2e-06,80,0.056%,6250.0,43639.46124466726,78125.0
66,3.2999999999999997e-06,83,0.058%,6250.0,43304.740656569156,75301.2048192771
66,3.3999999999999996e-06,83,0.055%,6250.0,41762.72092479369,75301.2048192771
66,3.5e-06,85,0.056%,6250.0,41500.388443635835,73529.41176470589
66,3.6e-06,78,0.050%,6250.0,39702.95834683234,80128.20512820513
66,3.6999999999999997e-06,78,0.049%,6250.0,39486.48614498174,80128.20512820513
66,3.8e-06,79,0.050%,6250.0,39295.8189248664,79113.92405063291
66,3.9e-06,84,0.052%,6135.64,38162.42372976234,73043.33333333333
66,4e-06,83,0.053%,5852.794,37581.992371607994,70515.59036144578
66,4.1e-06,69,0.048%,4941.055,34635.42433355064,71609.49275362318
66,4.2e-06,67,0.049%,4555.784,33268.22500200816,67996.77611940299
66,4.2999999999999995e-06,65,0.049%,4371.062,32723.65337825192,67247.10769230769
66,4.4e-06,64,0.049%,4157.211,32058.198446910403,64956.421875
66,4.5e-06,63,0.051%,3768.224,30803.004912819924,59813.079365079364
66,4.6e-06,60,0.050%,3671.46,30448.33305689169,61191.0
66,4.7e-06,60,0.050%,3622.164,30261.867762795126,60369.4
66,4.8e-06,59,0.051%,3351.874,29098.907013690543,56811.42372881356
66,4.9e-06,56,0.050%,3215.696,28561.622908302837,57423.142857142855
67,2e-06,74,0.058%,6250.0,48980.80736044388,84459.45945945945
67,2.1e-06,74,0.058%,6250.0,48590.10938605425,84459.45945945945
67,2.2e-06,75,0.058%,6250.0,48085.8004554687,83333.33333333333
67,2.3e-06,73,0.056%,6250.0,47583.15632399181,85616.43835616438
67,2.4e-06,74,0.056%,6250.0,47287.941953105495,84459.45945945945
67,2.4999999999999998e-06,74,0.055%,6250.0,46858.599490178436,84459.45945945945
67,2.5999999999999997e-06,75,0.056%,6250.0,46615.00481066849,83333.33333333333
67,2.7e-06,75,0.056%,6250.0,46335.76750565296,83333.33333333333
67,2.8e-06,76,0.056%,6250.0,46001.545651933906,82236.84210526316
67,2.8999999999999998e-06,77,0.055%,6250.0,45028.169622916095,81168.83116883117
67,3e-06,78,0.056%,6250.0,44758.59006860597,80128.20512820513
67,3.1e-06,80,0.056%,6250.0,43948.78033344819,78125.0
67,3.2e-06,79,0.055%,6250.0,43668.42737765853,79113.92405063291
67,3.2999999999999997e-06,81,0.056%,6250.0,43426.300357137894,77160.49382716049
67,3.3999999999999996e-06,82,0.055%,6250.0,41884.18520181476,76219.51219512195
67,3.5e-06,85,0.057%,6250.0,41579.07341866468,73529.41176470589
67,3.6e-06,78,0.050%,6250.0,39718.60165102283,80128.20512820513
67,3.6999999999999997e-06,79,0.050%,6250.0,39548.2013478027,79113.92405063291
67,3.8e-06,79,0.050%,6250.0,39351.48748622698,79113.92405063291
67,3.9e-06,85,0.053%,6183.118,38277.02803090333,72742.56470588235
67,4e-06,83,0.053%,5875.784,37646.700026269085,70792.578313253
67,4.1e-06,83,0.053%,5819.177,37507.50578483632,70110.56626506025
67,4.2e-06,67,0.049%,4602.035,33421.70433418545,68687.0895522388
67,4.2999999999999995e-06,66,0.049%,4420.156,32897.12197554386,66972.06060606061
67,4.4e-06,65,0.049%,4287.531,32486.709906196487,65962.01538461538
67,4.5e-06,63,0.051%,3799.917,30949.494209060256,60316.142857142855
67,4.6e-06,61,0.051%,3674.411,30468.763474742114,60236.24590163935
67,4.7e-06,60,0.050%,3625.307,30282.813348369044,60421.78333333333
67,4.8e-06,59,0.051%,3383.103,29261.040668408034,57340.72881355932
67,4.9e-06,56,0.050%,3219.262,28587.70979486724,57486.82142857143
68,2e-06,75,0.059%,6250.0,49105.88013451083,83333.33333333333
68,2.1e-06,74,0.058%,6250.0,48598.799415259244,84459.45945945945
68,2.2e-06,74,0.057%,6250.0,48183.29697100522,84459.45945945945
68,2.3e-06,74,0.057%,6250.0,47766.44120906416,84459.45945945945
68,2.4e-06,74,0.056%,6250.0,47335.216643819535,84459.45945945945
68,2.4999999999999998e-06,74,0.056%,6250.0,46932.13988030427,84459.45945945945
68,2.5999999999999997e-06,74,0.055%,6250.0,46679.76189587052,84459.45945945945
68,2.7e-06,75,0.056%,6250.0,46439.39844260833,83333.33333333333
68,2.8e-06,76,0.056%,6250.0,46083.2890933758,82236.84210526316
68,2.8999999999999998e-06,77,0.055%,6250.0,45047.64238658805,81168.83116883117
68,3e-06,78,0.056%,6250.0,44808.97039740179,80128.20512820513
68,3.1e-06,81,0.058%,6250.0,44527.72117809663,77160.49382716049
68,3.2e-06,80,0.056%,6250.0,43814.45105750559,78125.0
68,3.2999999999999997e-06,81,0.056%,6250.0,43543.083268309,77160.49382716049
68,3.3999999999999996e-06,82,0.055%,6250.0,41889.51890725325,76219.51219512195
68,3.5e-06,83,0.055%,6250.0,41748.21484633317,75301.2048192771
68,3.6e-06,81,0.052%,6250.0,40077.97570954048,77160.49382716049
68,3.6999999999999997e-06,78,0.049%,6250.0,39590.78959870776,80128.20512820513
68,3.8e-06,78,0.049%,6250.0,39376.27972909119,80128.20512820513
68,3.9e-06,85,0.053%,6250.0,38676.460577857266,73529.41176470589
68,4e-06,83,0.053%,5878.983,37662.128919012415,70831.1204819277
68,4.1e-06,83,0.053%,5823.286,37528.91060012374,70160.07228915663
68,4.2e-06,67,0.049%,4605.664,33442.95911180174,68741.25373134328
68,4.2999999999999995e-06,66,0.049%,4423.797,32917.850419305156,67027.22727272728
68,4.4e-06,66,0.050%,4294.633,32529.43047802277,65070.19696969697
68,4.5e-06,65,0.053%,3835.254,31118.18447358172,59003.907692307694
68,4.6e-06,63,0.052%,3723.943,30637.884933400248,59110.206349206346
68,4.7e-06,61,0.051%,3646.03,30366.62863234694,59770.983606557376
68,4.8e-06,61,0.052%,3497.251,29834.679792869876,57331.983606557376
68,4.9e-06,59,0.052%,3312.004,28988.332910295572,56135.661016949154
69,2e-06,76,0.060%,6250.0,49125.17881565089,82236.84210526316
69,2.1e-06,74,0.058%,6250.0,48768.688161303406,84459.45945945945
69,2.2e-06,74,0.057%,6250.0,48288.27715153248,84459.45945945945
69,2.3e-06,75,0.057%,6250.0,47789.8165635681,83333.33333333333
69,2.4e-06,73,0.055%,6250.0,47422.85250354723,85616.43835616438
69,2.4999999999999998e-06,74,0.056%,6250.0,47027.84048156509,84459.45945945945
69,2.5999999999999997e-06,74,0.055%,6250.0,46698.24713459556,84459.45945945945
69,2.7e-06,74,0.055%,6250.0,46512.66632929479,84459.45945945945
69,2.8e-06,76,0.056%,6250.0,46123.07851254917,82236.84210526316
69,2.8999999999999998e-06,77,0.056%,6250.0,45831.53062646202,81168.83116883117
69,3e-06,78,0.056%,6250.0,44909.10397355752,80128.20512820513
69,3.1e-06,80,0.057%,6250.0,44668.70117710961,78125.0
69,3.2e-06,80,0.056%,6250.0,43845.80307972921,78125.0
69,3.2999999999999997e-06,81,0.057%,6250.0,43614.79413817167,77160.49382716049
69,3.3999999999999996e-06,83,0.057%,6250.0,42681.05302694028,75301.2048192771
69,3.5e-06,83,0.055%,6250.0,41754.62975334706,75301.2048192771
69,3.6e-06,85,0.056%,6250.0,41513.619788380165,73529.41176470589
69,3.6999999999999997e-06,78,0.050%,6250.0,39731.73134992531,80128.20512820513
69,3.8e-06,78,0.049%,6250.0,39407.31399747793,80128.20512820513
69,3.9e-06,84,0.053%,6250.0,39211.74972238081,74404.76190476191
69,4e-06,83,0.053%,5883.133,37682.679682045564,70881.1204819277
69,4.1e-06,83,0.053%,5827.108,37545.798969072166,70206.1204819277
69,4.2e-06,69,0.049%,4920.421,34608.20116054158,71310.44927536232
69,4.2999999999999995e-06,66,0.049%,4430.552,32952.17695271245,67129.57575757576
69,4.4e-06,66,0.050%,4358.981,32713.78502919412,66045.16666666667
69,4.5e-06,66,0.051%,4165.151,32109.523038614832,63108.34848484849
69,4.6e-06,64,0.053%,3747.877,30747.017900799055,58560.578125
69,4.7e-06,61,0.051%,3649.02,30387.735047717393,59820.0
69,4.8e-06,61,0.051%,3606.142,30235.874131151115,59117.08196721312
69,4.9e-06,60,0.052%,3324.55,29058.97366419887,55409.166666666664
